{
    "spider": "./spider.jar",
    "wallpaper": "http://www.kf666888.cn/api/tvbox/img",
    "lives": [
        {
            "name": "redirect",
            "type": 0,
            "url": "./redirect.txt",
            "epg": ""
        }
    ],
    "sites": [
        {
            "key": "蚂蚁视频",
            "name": "蚂蚁视频",
            "type": 3,
            "api": "csp_Mayiys",
            "searchable": 1,
            "quickSearch": 1,
            "filterable": 0,
            "ext": "http://www.rzys.cc"
        },
        {
            "key": "看看视频",
            "name": "看看视频",
            "type": 3,
            "api": "csp_KanKan",
            "searchable": 1,
            "quickSearch": 1,
            "filterable": 0
        },
        {
            "key": "南瓜影视",
            "name": "南瓜影视",
            "type": 3,
            "api": "csp_NanGua",
            "searchable": 1,
            "quickSearch": 1,
            "filterable": 0,
            "ext": ""
        },
        {
            "key": "EMO",
            "name": "EMO蓝光",
            "type": 3,
            "api": "csp_AppYsV2",
            "ext": "http://one2.emofun.top/mogai_api.php/v1.vod"
        },
        {
            "key": "油果视频",
            "name": "油果视频",
            "type": 3,
            "api": "csp_Youguo",
            "searchable": 1,
            "quickSearch": 1,
            "filterable": 0
        },
        {
            "key": "影视王朝",
            "name": "影视王朝",
            "type": 3,
            "api": "csp_Yswc",
            "searchable": 1,
            "quickSearch": 1,
            "filterable": 0,
            "ext": ""
        },
        {
            "key": "时常影视",
            "name": "时常影视",
            "type": 3,
            "api": "csp_SC1080",
            "searchable": 1,
            "quickSearch": 1,
            "filterable": 0,
            "ext": ""
        },
        {
            "key": "YQK_spider",
            "name": "一起看TV",
            "api": "csp_YQKAPP",
            "type": 3,
            "filterable": 1,
            "quickSearch": 1,
            "searchable": 1,
            "ext": "https://api-aws.11ty.top"
        },
        {
            "key": "HDMOLI",
            "name": "HDMOLI",
            "api": "csp_HDMOLI",
            "type": 3,
            "filterable": 1,
            "quickSearch": 1,
            "searchable": 1,
            "ext": ""
        },
        {
            "key": "NoSearch_Bdys_spider",
            "name": "哔滴影视",
            "api": "csp_Bdys01",
            "type": 3,
            "filterable": 1,
            "quickSearch": 1,
            "searchable": 1,
            "ext": ""
        },
        {
            "key": "NoSearch_csp_DiDuan",
            "name": "低端影视",
            "type": 3,
            "api": "csp_Ddrk",
            "searchable": 1,
            "playerType": 2,
            "quickSearch": 1,
            "filterable": 0
        },
        {
            "key": "Lezhu_spider",
            "name": "乐猪影视",
            "api": "csp_Lezhu",
            "type": 3,
            "filterable": 1,
            "playerType": 2,
            "quickSearch": 1,
            "searchable": 1,
            "ext": ""
        },
        {
            "key": "sliu_spider",
            "name": "石榴电影",
            "api": "csp_ShiLiuDY",
            "type": 3,
            "filterable": 1,
            "playerType": 2,
            "quickSearch": 1,
            "searchable": 1,
            "ext": ""
        },
        {
            "key": "快看影视",
            "name": "快看影视",
            "type": 3,
            "api": "csp_Kuaikan",
            "searchable": 1,
            "playerType": 2,
            "quickSearch": 1,
            "filterable": 1
        },
        {
            "key": "csp_77",
            "name": "酷云七七",
            "type": 3,
            "api": "csp_Kunyu77",
            "searchable": 1,
            "quickSearch": 1,
            "filterable": 1
        },
        {
            "key": "360_spider",
            "name": "360影视",
            "api": "csp_SP360",
            "type": 3,
            "filterable": 1,
            "quickSearch": 1,
            "searchable": 1,
            "ext": ""
        },
        {
            "key": "ZXZJ",
            "name": "在线之家",
            "api": "csp_Zxzj",
            "type": 3,
            "filterable": 1,
            "quickSearch": 1,
            "searchable": 1,
            "ext": ""
        },
        {
            "key": "csp_CZSPP",
            "name": "厂长资源",
            "type": 3,
            "api": "csp_Czsapp",
            "searchable": 1,
            "playerType": 2,
            "quickSearch": 1,
            "filterable": 0
        },
        {
            "key": "csp_LibVio",
            "name": "LibVio",
            "type": 3,
            "api": "csp_Lib",
            "searchable": 1,
            "playerType": 2,
            "quickSearch": 1,
            "filterable": 0
        },
        {
            "key": "csp_Auete",
            "name": "Auete",
            "type": 3,
            "api": "csp_Auete",
            "searchable": 1,
            "playerType": 2,
            "quickSearch": 1,
            "filterable": 1
        },
        {
            "key": "csp_Cokemv",
            "name": "Cokemv",
            "type": 3,
            "api": "csp_Cokemv",
            "searchable": 1,
            "quickSearch": 1,
            "filterable": 1
        },
        {
            "key": "NoSearch_csp_BBB",
            "name": "哔哩哔哩",
            "type": 3,
            "api": "csp_Bili",
            "searchable": 1,
            "quickSearch": 0,
            "filterable": 1,
            "ext": "./json/bili.json"
        },
        {
            "key": "NoSearch_Yj1211_spider",
            "name": "直播聚合",
            "api": "csp_Yj1211",
            "type": 3,
            "filterable": 1,
            "playerType": 2,
            "quickSearch": 1,
            "searchable": 1
        },
        {
            "key": "push_agent",
            "name": "推送",
            "type": 3,
            "api": "csp_PushAgent",
            "searchable": 0,
            "quickSearch": 0,
            "filterable": 0,
            "ext": "http://127.0.0.1:9978/file/tvboxqq/token.txt"
        },
        {
            "key": "Music_spider",
            "name": "音乐欣赏",
            "api": "csp_Music",
            "type": 3,
            "filterable": 0,
            "quickSearch": 1,
            "searchable": 1,
            "ext": ""
        }
    ],
    "parses": [
        {
            "name": "解析聚合",
            "type": 3,
            "url": "Demo"
        },
        {
            "name": "Json并发",
            "type": 2,
            "url": "Parallel"
        },
        {
            "name": "Json轮询",
            "type": 2,
            "url": "Sequence"
        },
        {
            "name": "巧技解析",
            "type": 1,
            "url": "http://pandown.pro/app/kkdy.php?url=",
            "ext": {
                "flag": [
                    "qq",
                    "腾讯",
                    "qiyi",
                    "爱奇艺",
                    "奇艺",
                    "youku",
                    "优酷",
                    "sohu",
                    "搜狐",
                    "letv",
                    "乐视",
                    "mgtv",
                    "芒果",
                    "rx",
                    "ltnb",
                    "bilibili",
                    "1905",
                    "xigua"
                ]
            }
        }
    ],
    "flags": [
        "youku",
        "qq",
        "iqiyi",
        "qiyi",
        "letv",
        "sohu",
        "tudou",
        "pptv",
        "mgtv",
        "wasu",
        "bilibili",
        "renrenmi",
        "duoduozy",
        "xinluan",
        "ddzy",
        "tgqp",
        "tkqp",
        "XRJX"
    ],
    "ijk": [
        {
            "group": "软解码",
            "options": [
                {
                    "category": 4,
                    "name": "opensles",
                    "value": "0"
                },
                {
                    "category": 4,
                    "name": "overlay-format",
                    "value": "842225234"
                },
                {
                    "category": 4,
                    "name": "framedrop",
                    "value": "1"
                },
                {
                    "category": 4,
                    "name": "soundtouch",
                    "value": "1"
                },
                {
                    "category": 4,
                    "name": "start-on-prepared",
                    "value": "1"
                },
                {
                    "category": 1,
                    "name": "http-detect-range-support",
                    "value": "0"
                },
                {
                    "category": 1,
                    "name": "fflags",
                    "value": "fastseek"
                },
                {
                    "category": 2,
                    "name": "skip_loop_filter",
                    "value": "48"
                },
                {
                    "category": 4,
                    "name": "reconnect",
                    "value": "1"
                },
                {
                    "category": 4,
                    "name": "enable-accurate-seek",
                    "value": "0"
                },
                {
                    "category": 4,
                    "name": "mediacodec",
                    "value": "0"
                },
                {
                    "category": 4,
                    "name": "mediacodec-auto-rotate",
                    "value": "0"
                },
                {
                    "category": 4,
                    "name": "mediacodec-handle-resolution-change",
                    "value": "0"
                },
                {
                    "category": 4,
                    "name": "mediacodec-hevc",
                    "value": "0"
                },
                {
                    "category": 1,
                    "name": "dns_cache_timeout",
                    "value": "600000000"
                }
            ]
        },
        {
            "group": "硬解码",
            "options": [
                {
                    "category": 4,
                    "name": "opensles",
                    "value": "0"
                },
                {
                    "category": 4,
                    "name": "overlay-format",
                    "value": "842225234"
                },
                {
                    "category": 4,
                    "name": "framedrop",
                    "value": "1"
                },
                {
                    "category": 4,
                    "name": "soundtouch",
                    "value": "1"
                },
                {
                    "category": 4,
                    "name": "start-on-prepared",
                    "value": "1"
                },
                {
                    "category": 1,
                    "name": "http-detect-range-support",
                    "value": "0"
                },
                {
                    "category": 1,
                    "name": "fflags",
                    "value": "fastseek"
                },
                {
                    "category": 2,
                    "name": "skip_loop_filter",
                    "value": "48"
                },
                {
                    "category": 4,
                    "name": "reconnect",
                    "value": "1"
                },
                {
                    "category": 4,
                    "name": "enable-accurate-seek",
                    "value": "0"
                },
                {
                    "category": 4,
                    "name": "mediacodec",
                    "value": "1"
                },
                {
                    "category": 4,
                    "name": "mediacodec-auto-rotate",
                    "value": "1"
                },
                {
                    "category": 4,
                    "name": "mediacodec-handle-resolution-change",
                    "value": "1"
                },
                {
                    "category": 4,
                    "name": "mediacodec-hevc",
                    "value": "1"
                },
                {
                    "category": 1,
                    "name": "dns_cache_timeout",
                    "value": "600000000"
                }
            ]
        }
    ],
    "ads": [
        "mimg.0c1q0l.cn",
        "www.googletagmanager.com",
        "www.google-analytics.com",
        "mc.usihnbcq.cn",
        "mg.g1mm3d.cn",
        "mscs.svaeuzh.cn",
        "cnzz.hhttm.top",
        "tp.vinuxhome.com",
        "cnzz.mmstat.com",
        "www.baihuillq.com",
        "s23.cnzz.com",
        "z3.cnzz.com",
        "c.cnzz.com",
        "stj.v1vo.top",
        "z12.cnzz.com",
        "img.mosflower.cn",
        "tips.gamevvip.com",
        "ehwe.yhdtns.com",
        "xdn.cqqc3.com",
        "www.jixunkyy.cn",
        "sp.chemacid.cn",
        "hm.baidu.com",
        "s9.cnzz.com",
        "z6.cnzz.com",
        "um.cavuc.com",
        "mav.mavuz.com",
        "wofwk.aoidf3.com",
        "z5.cnzz.com",
        "xc.hubeijieshikj.cn",
        "tj.tianwenhu.com",
        "xg.gars57.cn",
        "k.jinxiuzhilv.com",
        "cdn.bootcss.com",
        "ppl.xunzhuo123.com",
        "xomk.jiangjunmh.top",
        "img.xunzhuo123.com",
        "z1.cnzz.com",
        "s13.cnzz.com",
        "xg.huataisangao.cn",
        "z7.cnzz.com",
        "xg.huataisangao.cn",
        "z2.cnzz.com",
        "s96.cnzz.com",
        "q11.cnzz.com",
        "thy.dacedsfa.cn",
        "xg.whsbpw.cn",
        "s19.cnzz.com",
        "z8.cnzz.com",
        "s4.cnzz.com",
        "f5w.as12df.top",
        "ae01.alicdn.com",
        "www.92424.cn",
        "k.wudejia.com",
        "vivovip.mmszxc.top",
        "qiu.xixiqiu.com",
        "cdnjs.hnfenxun.com",
        "cms.qdwght.com"
    ]
}