{
"主页url": "http://www.tvyb03.com/",
"请求头": "手机",
"简介": "class=\"sketch content\">&&</span>",
"数组": "myui-vodlist__thumb&&</a>",
"标题": "title=\"&&\"",
"副标题": "pic-tag pic-tag-top\">&&</span>",
"图片": "data-original=\"&&\"",
"链接": "href=\"&&\"",
"搜索url": "/vod/search.html?wd={wd}&submit=",
"搜索数组": "myui-vodlist__thumb&&</a>",
"搜索标题": "title=\"&&\"",
"搜索副标题": "pic-tag pic-tag-top\">&&</span>",
"搜索图片": "http://w.g9.pub:66/f/Y1ksA/sorry.ico",
"搜索链接": "href=\"&&\"",
"搜索模式": "1",
"嗅探词": ".m3u8#.mp4#video_mp4#feiyunNB.mp4#.mp4#cdn.123pan.cn#huoshanvod.com#v.123pan.cn#auth_key#app-ali-cdn.fqfilm.com",
"搜索后缀": "/vod/detail/id/",
"线路数组": "</a><h3&&/h3>",
"线路标题": "title\">&&<",
"播放数组": "<ul class=\"myui-content__list scrollbar&&</ul>",
"播放标题": ">&&<",
"播放列表": "<a&&/a>",
"分类url": "http://www.tvyb03.com/vod/show/area/{area}/by/{by}/class/{class}/id/{cateId}/lang/{lang}/page/{catePg}/year/{year}.html;;m",
"分类": "电影$1#电视剧$2#综艺$3#动漫$4"
}