[
    {
        "name": "超级MV",
        "url": "https://bitbucket.org/xduo/json/raw/master/MV.txt&&&https://s1.ax1x.com/2023/06/27/pCdSGcV.jpg"
    },
    {
        "name": "多多影音",
        "url": "https://bitbucket.org/xduo/duoapi/raw/master/v.txt&&&https://myhkw.cn/open/img/mm"
    },
    {
        "name": "Ray0直播",
        "url": "https://xhdwc.tk/tvlive.txt&&&https://s1.ax1x.com/2023/06/08/pCkdDKg.jpg"
    },
    {
        "name": "月光直播",
        "url": "http://52bsj.vip:81/api/v3/file/get/79119/ZB.txt?sign=iChDXDC7WJRTp7yWAyVdbY3si5sJ5eFwEgaR35YQGSo%3D%3A0&&&https://s1.ax1x.com/2023/06/08/pCkdrrQ.png"
    }
]