{
    "spider": "./spider.jar",
    "warningText": "🐱夜猫子提醒您:本接口长期更新 完全免费 请放心使用🐱",
    "wallpaper": "https://yun.chuqiuyu.tk",
    "sites": [
        {
            "key": "csp_SP360",
            "name": "🍳┃360官源┃",
            "type": 3,
            "playerType": 2,
            "api": "csp_SP360",
            "searchable": 1,
            "quickSearch": 1,
            "filterable": 1,
            "changeable": 0
        },
        {
            "key": "dr_77",
            "name": "🛩️┃酷云秒播┃",
            "type": 3,
            "api": "./drpy2.min.js",
            "searchable": 1,
            "quickSearch": 1,
            "filterable": 1,
            "ext": "./js/酷云77.js"
        },
        {
            "key": "juying",
            "name": "🍿聚影[长按搜索看]",
            "type": 3,
            "searchable": 1,
            "changeable": 0,
            "quickSearch": 0,
            "filterable": 1,
            "api": "./聚影.js"
        },
        {
            "key": "drpy_js_腾云驾雾",
            "name": "🐧|官源",
            "type": 3,
            "playerType": 2,
            "api": "./drpy2.min.js",
            "ext": "./js/腾讯.js"
        },
        {
            "key": "drpy_js_百忙无果",
            "name": "官源 | 🥭",
            "type": 3,
            "playerType": 2,
            "api": "./drpy2.min.js",
            "ext": "./js/百忙无果.js"
        },
        {
            "key": "drpy_js_奇珍异兽",
            "name": "官源 |🥝",
            "type": 3,
            "playerType": 2,
            "api": "./drpy2.min.js",
            "ext": "./js/奇珍异兽.js"
        },
        {
            "key": "drpy_yh",
            "name": "官源 | ⛽",
            "type": 3,
            "playerType": 2,
            "api": "./drpy2.min.js",
            "ext": "./js/优酷.js"
        },
        {
            "key": "drpy_js_菜狗",
            "name": "官源 | 🐕",
            "type": 3,
            "playerType": 2,
            "api": "./drpy2.min.js",
            "ext": "./js/菜狗.js"
        },
        {
            "key": "聚合",
            "name": "影视聚合┃解析",
            "type": 3,
            "api": "csp_AppYsV2",
            "searchable": 1,
            "quickSearch": 1,
            "filterable": 1,
            "playerType": 2,
            "ext": "https://www.tvkuys.xyz/api.php/app/"
        },
        {
            "key": "荐片",
            "name": "荐片(cli)",
            "type": 4,
            "api": "http://home.jundie.top:9520/spider/csp_JP",
            "searchable": 1,
            "quickSearch": 1,
            "filterable": 1
        },
        {
            "key": "秒看资源",
            "name": "秒看┃切片",
            "type": 1,
            "playerType": 1,
            "api": "https://mkzy.vip/api.php/provide/vod",
            "searchable": 1,
            "quickSearch": 1,
            "categories": [
                "电视剧",
                "电影",
                "动漫",
                "综艺"
            ]
        },
        {
            "key": "野兔资源",
            "name": "夜兔┃切片",
            "type": 1,
            "playerType": 1,
            "api": "http://xn--yetu07f.xn--yetu07f.icu:66/api.php/provide/vod/?ac=list",
            "categories": [
                "无敌4K资源",
                "电影",
                "动漫动画",
                "国产剧",
                "日韩剧",
                "泰剧",
                "欧美剧",
                "纪录片"
            ],
            "searchable": 1,
            "quickSearch": 1
        },
        {
            "key": "365",
            "name": "👑365秒播👑",
            "type": 3,
            "api": "csp_AppYsV2",
            "searchable": 1,
            "quickSearch": 1,
            "filterable": 1,
            "ext": "http://guan.yy365.vip/api.php/app/"
        },
        {
            "key": "ruyi",
            "name": "👑如意┃4K👑",
            "type": 3,
            "playerType": 1,
            "api": "csp_App",
            "searchable": 1,
            "quickSearch": 1,
            "filterable": 0,
            "categories": [
                "电影",
                "电视剧",
                "动漫",
                "综艺"
            ],
            "ext": "http://cms.maoyingshi.cc/api.php/app/",
            "jar": "./jars/ruyi.jar"
        },
        {
            "key": "xymzkk",
            "name": "👑夜猫好酷👑",
            "type": 3,
            "playerType": 1,
            "api": "./drpy2.min.js",
            "ext": "./js/新酷影.js"
        },
        {
            "key": "xymzyt",
            "name": "👑新夜猫子4k👑",
            "type": 3,
            "playerType": 1,
            "api": "./drpy2.min.js",
            "ext": "./js/影探_V2_1.js"
        },
        {
            "key": "csp_appysv2_迷你库",
            "name": "👑夜猫迷你2k👑",
            "type": 3,
            "playerType": 2,
            "api": "csp_AppYsV2",
            "searchable": 1,
            "quickSearch": 1,
            "filterable": 1,
            "ext": "http://www.miniku.cc/xgapp.php/v2/"
        },
        {
            "key": "AppYs_yumi",
            "name": "👑夜猫至臻👑",
            "type": 3,
            "playerType": 2,
            "api": "./drpy2.min.js",
            "ext": "./js/夜猫至臻.js"
        },
        {
            "key": "ymzy2k",
            "name": "👑夜猫自营2k👑",
            "type": 3,
            "playerType": 2,
            "api": "./drpy2.min.js",
            "ext": "./js/夜猫自营2k.js"
        },
        {
            "key": "影院",
            "name": "👑夜猫蓝光2K👑",
            "type": 3,
            "playerType": 2,
            "api": "csp_AppYsV2",
            "searchable": 1,
            "quickSearch": 1,
            "filterable": 1,
            "ext": "https://www.gsjtlxy.top/xgapp.php/v3/"
        },
        {
            "key": "AppYs_南瓜",
            "name": "👑南瓜蓝光👑",
            "type": 3,
            "playerType": 2,
            "api": "./drpy2.min.js",
            "changeable": 0,
            "searchable": 1,
            "quickSearch": 1,
            "ext": "./js/南瓜.js"
        },
        {
            "key": "狐狸影视",
            "name": "👑狐狸影视2k👑",
            "type": 3,
            "api": "csp_AppYsV2",
            "searchable": 1,
            "quickSearch": 1,
            "filterable": 1,
            "changeable": 1,
            "ext": "https://www.kuin.one/api.php/app/"
        },
        {
            "key": "AppYs_xylg2",
            "name": "👑夜猫自营蓝光👑",
            "type": 3,
            "playerType": 2,
            "api": "./drpy2.min.js",
            "ext": "./js/自营蓝光2.js"
        },
        {
            "key": "ymzylg",
            "name": "👑夜猫自营蓝光2👑",
            "type": 3,
            "playerType": 2,
            "api": "./drpy2.min.js",
            "ext": "./js/自营蓝光.js"
        },
        {
            "key": "ymzy",
            "name": "👑夜猫自营高清👑",
            "type": 3,
            "playerType": 2,
            "api": "./drpy2.min.js",
            "ext": "./js/自营.js"
        },
        {
            "key": "ymcxlg",
            "name": "👑夜猫畅享蓝光👑",
            "type": 3,
            "playerType": 1,
            "api": "./drpy2.min.js",
            "ext": "./js/夜猫畅享.js"
        },
        {
            "key": "极客",
            "name": "👑极客|蓝光👑",
            "type": 3,
            "playerType": 2,
            "api": "csp_XBPQ",
            "ext": {
                "分类url": "https://www.jiketv.com/index.php/show/{cateId}/area/{area}/by/{by}/class/{class}/lang/{lang}/letter/{letter}/year/{year}.html;;akx",
                "分类": "动漫$4#电影$1#剧集$2#综艺$3"
            }
        },
        {
            "key": "9yyq",
            "name": "👑九禹云播👑",
            "type": 3,
            "api": "csp_XBPQ",
            "ext": {
                "分类url": "https://v.jiuyuyun.xyz/index.php/vod/show/id/{cateId}/page/{catePg}.html"
            }
        },
        {
            "key": "dr_jqr",
            "name": "👑夜猫聚影👑",
            "type": 3,
            "playerType": 2,
            "api": "./drpy2.min.js",
            "ext": "./js/ikan.js"
        },
        {
            "key": "dr_czyzy",
            "name": "🚚厂长蓝光2k",
            "type": 3,
            "playerType": 2,
            "api": "./drpy2.min.js",
            "ext": "./js/厂长资源.js"
        },
        {
            "key": "csp_低端",
            "name": "🚜低端|蓝光",
            "type": 3,
            "playerType": 2,
            "api": "csp_XBPQ",
            "searchable": 1,
            "quickSearch": 1,
            "filterable": 1,
            "ext": "./json/低端影视.json"
        },
        {
            "key": "小鹿",
            "name": "🦒小鹿高清",
            "type": 3,
            "api": "csp_XBPQ",
            "ext": {
                "分类": "电影$1#电视剧$31#动漫$4#综艺$3",
                "分类url": "http://www.xiaoluys.me/vodshow/{cateId}-{area}-{by}------{catePg}---{year}.html"
            }
        },
        {
            "key": "csp_Mp4Mov",
            "name": "🧲磁力Mp4电影",
            "type": 3,
            "playerType": 2,
            "api": "csp_Mp4Mov",
            "searchable": 1,
            "quickSearch": 1,
            "filterable": 1
        },
        {
            "key": "csp_SeedHub",
            "name": "🧲SeedHub",
            "type": 3,
            "api": "csp_SeedHub",
            "playerType": 1,
            "searchable": 1,
            "quickSearch": 1,
            "filterable": 1
        },
        {
            "key": "csp_KubaCL",
            "name": "🧲磁力酷吧电影",
            "type": 3,
            "playerType": 1,
            "api": "csp_KubaCL",
            "searchable": 1,
            "quickSearch": 1,
            "filterable": 1
        },
        {
            "key": "csp_XYQHiker_极影网",
            "name": "🧲极影网",
            "type": 3,
            "api": "csp_XYQHiker",
            "searchable": 1,
            "quickSearch": 1,
            "filterable": 1,
            "ext": "./json/极影网.json"
        },
        {
            "key": "csp_BLSGod",
            "name": "🧲80S影视",
            "type": 3,
            "api": "csp_BLSGod",
            "playerType": 1,
            "searchable": 1,
            "quickSearch": 1,
            "filterable": 1
        },
        {
            "key": "csp_Xunlei8",
            "name": "🧲迅雷吧",
            "type": 3,
            "api": "csp_Xunlei8",
            "playerType": 1,
            "searchable": 1,
            "quickSearch": 1,
            "filterable": 1
        },
        {
            "key": "csp_MeijuTT",
            "name": "🧲磁力美剧天堂",
            "type": 3,
            "playerType": 1,
            "api": "csp_MeijuTT",
            "searchable": 1,
            "quickSearch": 1,
            "filterable": 1
        },
        {
            "key": "csp_MeijuMi",
            "name": "🧲磁力美剧迷",
            "type": 3,
            "playerType": 1,
            "api": "csp_MeijuMi",
            "searchable": 1,
            "quickSearch": 1,
            "filterable": 1
        },
        {
            "key": "mp4",
            "name": "Ⓜ️MP4┃磁力",
            "type": 3,
            "api": "csp_XYQHiker",
            "playerType": 2,
            "ext": "./json/mp4磁力.json"
        },
        {
            "key": "6V",
            "name": "🏹6v磁力搜",
            "type": 3,
            "api": "csp_XYQHiker",
            "playerType": 2,
            "ext": "./json/6V电影.json"
        },
        {
            "key": "csp_XYQHikerAL_玩偶哥哥",
            "name": "🤡玩偶哥哥",
            "type": 3,
            "api": "csp_XYQHikerAL",
            "playerType": 1,
            "searchable": 1,
            "quickSearch": 1,
            "filterable": 1,
            "ext": "./json/玩偶哥哥.json"
        },
        {
            "key": "csp_XYQHikerlg4k",
            "name": "💋玩偶姐姐4k",
            "type": 3,
            "playerType": 3,
            "api": "csp_XYQHiker",
            "searchable": 1,
            "quickSearch": 1,
            "filterable": 1,
            "ext": "./json/4KHDR.json"
        },
        {
            "key": "csp_XYQHiker4klg",
            "name": "💅🏻玩偶妹妹4k",
            "type": 3,
            "playerType": 3,
            "api": "csp_XYQHiker",
            "searchable": 1,
            "quickSearch": 1,
            "filterable": 1,
            "ext": "./json/中国蓝光网.json"
        },
        {
            "key": "csp_XYQHiker_‍dyx",
            "name": "🚢电影港磁力4k",
            "type": 3,
            "playerType": 3,
            "api": "csp_XYQHiker",
            "searchable": 1,
            "quickSearch": 1,
            "filterable": 1,
            "ext": "./json/电影港.json"
        },
        {
            "key": "csp_xpath_yinfans",
            "name": "💥音范丝4K",
            "type": 3,
            "playerType": 3,
            "api": "csp_XPath",
            "searchable": 1,
            "quickSearch": 1,
            "filterable": 1,
            "ext": "./json/音范丝.json"
        },
        {
            "key": "ity",
            "name": "爱TV丨4k",
            "type": 3,
            "api": "csp_XBPQ",
            "playerType": 2,
            "ext": {
                "数组": "<div class=\"stui-vodlist__box\">&&</div>",
                "副标题": "<span class=\"pic-text text-right\"><b>&&</b></span>",
                "分类": "电影$1#电视剧$2#动漫$4#综艺$3#记录$5#动画片$6",
                "分类url": "https://www.citydy.com/show/id-{cateId}/area/{area}/by/{by}/class/{class}/lang/{lang}/page/{catePg}/year/{year}.html"
            }
        },
        {
            "key": "drpy_js_荐片",
            "name": "👑 | 荐片蓝光",
            "type": 3,
            "api": "./drpy2.min.js",
            "ext": "./js/荐片.js",
            "playerType": "1"
        },
        {
            "key": "csp_slgq",
            "name": "🏵️石榴蓝光",
            "type": 3,
            "playerType": 2,
            "api": "csp_XBPQ",
            "searchable": 1,
            "quickSearch": 1,
            "filterable": 1,
            "ext": "./json/石榴高清.json"
        },
        {
            "key": "dr_ymi",
            "name": "⭐┃映迷蓝光┃",
            "type": 3,
            "playerType": 2,
            "api": "./drpy2.min.js",
            "ext": "./js/映迷影院.js"
        },
        {
            "key": "drpy_qy",
            "name": "🐵奇优影院",
            "type": 3,
            "playerType": 2,
            "api": "./drpy2.min.js",
            "ext": "./js/奇优影院.js"
        },
        {
            "key": "dr_xc",
            "name": "⭐┃星辰蓝光┃",
            "type": 3,
            "playerType": 2,
            "api": "./drpy2.min.js",
            "ext": "./js/星辰.js"
        },
        {
            "key": "csp_aidi_api",
            "name": "🐩爱迪高清APP",
            "type": 3,
            "playerType": 2,
            "api": "csp_AppYsV2",
            "searchable": 1,
            "quickSearch": 1,
            "filterable": 1,
            "ext": "https://aidiapp.xyz/xgapp.php/v2/"
        },
        {
            "key": "csp_ggun",
            "name": "🌵光棍高清",
            "type": 3,
            "playerType": 2,
            "api": "csp_XBPQ",
            "searchable": 1,
            "quickSearch": 1,
            "filterable": 1,
            "ext": "./json/光棍影视.json"
        },
        {
            "key": "csp_miai",
            "name": "🌾米爱蓝光",
            "type": 3,
            "playerType": 2,
            "api": "csp_XBPQ",
            "searchable": 1,
            "quickSearch": 1,
            "filterable": 1,
            "ext": "./json/米爱影视.json"
        },
        {
            "key": "csp_bt",
            "name": "😢鼻涕影视",
            "type": 3,
            "playerType": 2,
            "api": "csp_XBPQ",
            "searchable": 1,
            "quickSearch": 1,
            "filterable": 1,
            "ext": "./json/鼻涕影视.json"
        },
        {
            "key": "XBPQsj",
            "name": "🔥┃新视觉┃",
            "type": 3,
            "playerType": 2,
            "api": "csp_XBPQ",
            "filterable": 1,
            "quickSearch": 1,
            "searchable": 1,
            "ext": "./json/6080.json"
        },
        {
            "key": "csp_XBPQ_nmys",
            "name": "🚲┃农民┃",
            "type": 3,
            "playerType": 2,
            "api": "csp_XBPQ",
            "searchable": 1,
            "quickSearch": 1,
            "filterable": 1,
            "ext": "./json/农民影视.json"
        },
        {
            "key": "csp_XBPQ_thys",
            "name": "⛴️┃土豪┃影视",
            "type": 3,
            "playerType": 2,
            "api": "csp_XBPQ",
            "searchable": 1,
            "quickSearch": 1,
            "filterable": 1,
            "ext": "./json/土豪影视.json"
        },
        {
            "key": "py_央视片库",
            "name": "🌏cctv片库",
            "type": 3,
            "playerType": 2,
            "api": "py_cctv",
            "ext": "./py/央视片库.py"
        },
        {
            "key": "app_快看",
            "name": "️💕快看采集",
            "type": 1,
            "playerType": 2,
            "api": "https://kuaikan-api.com/api.php/provide/vod",
            "categories": [
                "网络电影",
                "动画电影",
                "动作片",
                "冒险片",
                "喜剧片",
                "爱情片",
                "奇幻片",
                "灾难片",
                "科幻片",
                "恐怖片",
                "剧情片",
                "战争片",
                "国产动漫",
                "日本动漫",
                "国产剧",
                "韩国剧",
                "港台剧",
                "欧美剧",
                "国产综艺",
                "港台综艺"
            ]
        },
        {
            "key": "暴风采集",
            "name": "🍃┃暴风┃高清",
            "type": 1,
            "playerType": 2,
            "api": "https://app.bfzyapi.com/api.php/provide/vod/",
            "playUrl": "json:http://137.220.194.123/bf.php?url=",
            "categories": [
                "国产剧",
                "国产动漫",
                "动作片",
                "科幻片",
                "剧情片",
                "喜剧片",
                "爱情片",
                "恐怖片",
                "战争片",
                "香港剧",
                "台湾剧",
                "日本剧",
                "欧美剧",
                "泰国剧",
                "日本动漫",
                "综艺频道",
                "大陆综艺",
                "港台综艺",
                "日本综艺",
                "新马泰综艺",
                "纪录片"
            ]
        },
        {
            "key": "dr_qif",
            "name": "🛫起飞影院",
            "type": 3,
            "playerType": 2,
            "api": "./drpy2.min.js",
            "ext": "./js/起飞影院.js"
        },
        {
            "key": "csp_58",
            "name": "🏵️58动漫",
            "type": 3,
            "playerType": 2,
            "api": "csp_XBPQ",
            "searchable": 1,
            "quickSearch": 1,
            "filterable": 1,
            "ext": "./json/58动漫.json"
        },
        {
            "key": "csp_xml_量子资源",
            "name": "🐝量子资源",
            "type": 1,
            "playerType": 2,
            "api": "http://cj.lziapi.com/api.php/provide/vod/",
            "searchable": 1,
            "quickSearch": 1,
            "categories": [
                "国产动漫",
                "国产剧",
                "动作片",
                "喜剧片",
                "爱情片",
                "动画片",
                "冒险片",
                "武侠片",
                "科幻片",
                "战争片",
                "日韩剧",
                "港台剧",
                "欧美剧",
                "泰国剧",
                "海外剧",
                "日韩动漫",
                "欧美动漫",
                "国内综艺",
                "海外综艺",
                "恐怖片",
                "灾难片",
                "悬疑片",
                "纪录片",
                "惊悚片",
                "奇幻片",
                "剧情片"
            ]
        },
        {
            "key": "非凡",
            "name": "🦅非凡",
            "type": "0",
            "playerType": 2,
            "api": "http://cj.ffzyapi.com/api.php/provide/vod/at/xml/",
            "searchable": "1",
            "playUrl": "json:http://137.220.194.123/ff.php?url=",
            "changeable": "0",
            "categories": [
                "国产动漫",
                "日韩动漫",
                "国产剧",
                "韩国剧",
                "日本剧",
                "电影片",
                "连续剧",
                "综艺片",
                "动漫片",
                "动作片",
                "喜剧片",
                "爱情片",
                "科幻片",
                "恐怖片",
                "剧情片",
                "战争片",
                "香港剧",
                "欧美剧",
                "记录片",
                "台湾剧",
                "海外剧",
                "泰国剧",
                "大陆综艺",
                "港台综艺",
                "日韩综艺",
                "欧美综艺",
                "欧美动漫",
                "港台动漫",
                "海外动漫"
            ]
        },
        {
            "key": "drpy_xb",
            "name": "🛫小宝影视(墙外)",
            "type": 3,
            "playerType": 2,
            "api": "./drpy2.min.js",
            "ext": "./js/小宝影院.js"
        },
        {
            "key": "csp_XBPQaol",
            "name": "🛫┃爱欧乐┃",
            "type": 3,
            "playerType": 2,
            "api": "csp_XBPQ",
            "searchable": 1,
            "quickSearch": 1,
            "filterable": 1,
            "ext": "./json/爱欧乐影视.json"
        },
        {
            "key": "drpy_trj",
            "name": "🛫唐人街(墙外)",
            "type": 3,
            "playerType": 2,
            "api": "./drpy2.min.js",
            "ext": "./js/唐人街影视[飞].js"
        },
        {
            "key": "drpy_hh",
            "name": "🛫吼吼影视(墙外)",
            "type": 3,
            "playerType": 2,
            "api": "./drpy2.min.js",
            "ext": "./js/HoHo影视.js"
        },
        {
            "key": "drpy_od",
            "name": "🛫欧帝影视(墙外)",
            "type": 3,
            "playerType": 2,
            "api": "./drpy2.min.js",
            "ext": "./js/欧帝影院.js"
        },
        {
            "key": "dr_美视网",
            "name": "🛫美视网(飞)",
            "type": 3,
            "playerType": 2,
            "api": "./drpy2.min.js",
            "ext": "./js/美视网.js"
        },
        {
            "key": "csp_KungFu404",
            "name": "🍱云盘登录入口",
            "type": 3,
            "api": "csp_KungFu404",
            "searchable": 1,
            "filterable": 1,
            "changeable": 0,
            "ext": "http://127.0.0.1:9978/file/tvboxqq/token.txt",
            "jar": "./jars/csp_KungFu404.jar"
        },
        {
            "key": "AliYunPan",
            "name": "🌐网盘|登录查询",
            "type": 3,
            "api": "csp_AliYunPan",
            "searchable": 1,
            "filterable": 0,
            "changeable": 0,
            "ext": "b527aaaab92c4571a9ab5eb6a2beb9a1"
        },
        {
            "key": "Gitcafe",
            "name": "🌐小纸条(搜索)",
            "type": 3,
            "api": "csp_Gitcafe",
            "playerType": 1,
            "searchable": 1,
            "quickSearch": 1,
            "filterable": 1,
            "ext": "http://127.0.0.1:9978/file/tvboxqq/token.txt"
        },
        {
            "key": "csp_Zhaozy",
            "name": "🌐找资源(搜索)",
            "type": 3,
            "api": "csp_Zhaozy",
            "playerType": 1,
            "searchable": 1,
            "quickSearch": 1,
            "filterable": 0,
            "ext": "http://127.0.0.1:9978/file/tvboxqq/token.txt"
        },
        {
            "key": "csp_AliPS",
            "name": "🌐喵狸盘搜(搜索)",
            "type": 3,
            "api": "csp_AliPS",
            "playerType": 1,
            "searchable": 1,
            "quickSearch": 1,
            "filterable": 0,
            "ext": "http://127.0.0.1:9978/file/tvboxqq/token.txt"
        },
        {
            "key": "csp_Yisou",
            "name": "🌐易搜(搜索)",
            "type": 3,
            "api": "csp_Yisou",
            "playerType": 1,
            "searchable": 1,
            "quickSearch": 1,
            "filterable": 0,
            "ext": "http://127.0.0.1:9978/file/tvboxqq/token.txt"
        },
        {
            "key": "csp_Upyunso",
            "name": "🌐UP云搜(搜索)",
            "type": 3,
            "api": "csp_Upyunso",
            "playerType": 1,
            "searchable": 1,
            "quickSearch": 1,
            "filterable": 0,
            "ext": "http://127.0.0.1:9978/file/tvboxqq/token.txt"
        },
        {
            "key": "csp_XYQHikerAL_阿里云盘网",
            "name": "🌐阿里云盘",
            "type": 3,
            "playerType": 1,
            "api": "csp_XYQHikerAL",
            "searchable": 1,
            "quickSearch": 1,
            "filterable": 1,
            "ext": "./json/阿里云盘.json"
        },
        {
            "key": "csp_XYQHiker_DOVX搜索",
            "name": "🌐DOVX云盘",
            "type": 3,
            "playerType": 1,
            "api": "csp_XYQHiker",
            "searchable": 1,
            "quickSearch": 1,
            "filterable": 1,
            "ext": "./json/DOVX搜索.json"
        },
        {
            "key": "csp_bi",
            "name": "🍥哔哩",
            "type": 3,
            "api": "csp_XBPQ",
            "searchable": 0,
            "quickSearch": 0,
            "filterable": 1,
            "ext": "./json/哔哩.json"
        },
        {
            "key": "音乐",
            "name": "🎶哔哩音乐",
            "type": 3,
            "api": "csp_Bili",
            "searchable": 0,
            "quickSearch": 0,
            "filterable": 0,
            "ext": "./json/哔哩音乐.json",
            "jar": "./jars/音乐.jar"
        },
        {
            "key": "csp_XYQHiker_虎牙直播",
            "name": "🐯虎牙直播(XYQH)",
            "type": 3,
            "playerType": 2,
            "api": "csp_XYQHiker",
            "searchable": 1,
            "quickSearch": 0,
            "filterable": 0,
            "ext": "./json/虎牙直播.json"
        },
        {
            "key": "drpy_douy",
            "name": "🐅虎牙js",
            "type": 3,
            "playerType": 2,
            "api": "./drpy2.min.js",
            "ext": "./js/虎牙直播.js"
        },
        {
            "key": "dr_武享吧",
            "name": "💪拳皇争霸",
            "type": 3,
            "playerType": 2,
            "api": "./drpy2.min.js",
            "searchable": 2,
            "quickSearch": 0,
            "filterable": 0,
            "ext": "./js/武享吧.js"
        },
        {
            "key": "企鹅体育",
            "name": "🐧腾讯┃体育",
            "type": 3,
            "playerType": 2,
            "api": "csp_XPath",
            "searchable": 1,
            "quickSearch": 0,
            "filterable": 0,
            "ext": "./json/ty.json"
        },
        {
            "key": "MTV转点播",
            "name": "🎶万首| MTV",
            "type": 3,
            "playerType": 2,
            "api": "./lf_live_min.js",
            "ext": "./txt/mv.txt"
        },
        {
            "key": "MV_vod",
            "name": "🤳字母┃点歌台",
            "type": 1,
            "api": "https://tvbox-mv--leosam2048.repl.co/mv/vod"
        },
        {
            "key": "dr_263",
            "name": "🌺高清MV",
            "type": 3,
            "playerType": 2,
            "api": "./drpy2.min.js",
            "ext": "./js/MV263.js"
        },
        {
            "key": "dr_pgdj",
            "name": "🍎苹果dj",
            "type": 3,
            "playerType": 2,
            "api": "./drpy2.min.js",
            "ext": "./js/苹果DJ.js"
        },
        {
            "key": "da_ry",
            "name": "🎵音乐┃MV",
            "type": 4,
            "playerType": 2,
            "api": "http://120.53.102.254/dsp/",
            "searchable": 1,
            "quickSearch": 1,
            "filterable": 1
        },
        {
            "key": "js_DJ",
            "name": "🎧DJ┃摇摆吧",
            "type": 3,
            "api": "./drpy.min.js",
            "ext": "./js/DJ音乐.js",
            "playerType": "2"
        },
        {
            "key": "drpy_qf",
            "name": "🍃清风DJ",
            "type": 3,
            "api": "./drpy2.min.js",
            "ext": "./js/清风DJ.js"
        },
        {
            "key": "csp_ts",
            "name": "🏵️230听书",
            "type": 3,
            "api": "csp_XBPQ",
            "searchable": 1,
            "quickSearch": 1,
            "filterable": 1,
            "ext": "./json/230.json"
        },
        {
            "key": "push_agent",
            "name": "📽推送",
            "type": 3,
            "api": "csp_PushAgent",
            "playerType": 1,
            "searchable": 1,
            "quickSearch": 1,
            "filterable": 0,
            "ext": "http://127.0.0.1:9978/file/tvboxqq/token.txt"
        }
    ],
    "parses": [
        {
            "name": "超解析",
            "type": 3,
            "url": "Demo"
        },
        {
            "name": "超嗅探",
            "type": 3,
            "url": "Web"
        },
        {
            "name": "夜猫超解析",
            "type": 1,
            "url": "http://110.42.2.247:880/analysis/json/?uid=2384&my=bcijquvxAFKMUY0579&format=json&url=",
            "ext": {
                "flag": [
                    "qq",
                    "腾讯",
                    "企鹅",
                    "IQiYi",
                    "qiyi",
                    "爱奇艺",
                    "奇艺",
                    "youku",
                    "YouKu",
                    "优酷",
                    "sohu",
                    "SoHu",
                    "搜狐",
                    "letv",
                    "LeShi",
                    "乐视",
                    "imgo",
                    "mgtv",
                    "MangGuo",
                    "芒果",
                    "SLYS4k",
                    "BYGA",
                    "luanzi",
                    "AliS",
                    "dxzy",
                    "bilibili",
                    "QEYSS",
                    "xigua",
                    "西瓜视频",
                    "腾讯视频",
                    "奇艺视频",
                    "优酷视频",
                    "芒果视频",
                    "乐视视频"
                ],
                "header": {
                    "User-Agent": "Dart/3.0(dart:io)"
                }
            }
        },
        {
            "name": "夜猫超聚合",
            "type": 1,
            "url": "http://110.42.2.247:880/analysis/json/?uid=2255&my=eknpqvADFHOPR02458&format=json&url=",
            "ext": {
                "flag": [
                    "qq",
                    "腾讯",
                    "企鹅",
                    "IQiYi",
                    "qiyi",
                    "爱奇艺",
                    "奇艺",
                    "youku",
                    "YouKu",
                    "优酷",
                    "sohu",
                    "SoHu",
                    "搜狐",
                    "letv",
                    "LeShi",
                    "乐视",
                    "imgo",
                    "mgtv",
                    "MangGuo",
                    "芒果",
                    "SLYS4k",
                    "BYGA",
                    "luanzi",
                    "AliS",
                    "dxzy",
                    "bilibili",
                    "QEYSS",
                    "xigua",
                    "西瓜视频",
                    "腾讯视频",
                    "奇艺视频",
                    "优酷视频",
                    "芒果视频",
                    "乐视视频"
                ],
                "header": {
                    "User-Agent": "Dart/3.0(dart:io)"
                }
            }
        },
        {
            "name": "夜猫超解析2",
            "type": 1,
            "url": "http://110.42.2.247:880/analysis/json/?uid=2100&my=ehilmnqyCDGHILNUXZ&mgtv=app&url=",
            "ext": {
                "flag": [
                    "qq",
                    "腾讯",
                    "企鹅",
                    "IQiYi",
                    "qiyi",
                    "爱奇艺",
                    "奇艺",
                    "youku",
                    "YouKu",
                    "优酷",
                    "sohu",
                    "SoHu",
                    "搜狐",
                    "letv",
                    "LeShi",
                    "乐视",
                    "imgo",
                    "mgtv",
                    "MangGuo",
                    "芒果",
                    "SLYS4k",
                    "BYGA",
                    "luanzi",
                    "AliS",
                    "dxzy",
                    "bilibili",
                    "QEYSS",
                    "xigua",
                    "西瓜视频",
                    "腾讯视频",
                    "奇艺视频",
                    "优酷视频",
                    "芒果视频",
                    "乐视视频"
                ],
                "header": {
                    "User-Agent": "Dart/3.0(dart:io)"
                }
            }
        },
        {
            "name": "高清解析1",
            "type": 1,
            "url": "https://vip.xuux.icu/home/api?type=ys&uid=1325731&key=adfgilmnpwzBDEJPY3&url=",
            "ext": {
                "flag": [
                    "qq",
                    "腾讯",
                    "企鹅",
                    "IQiYi",
                    "qiyi",
                    "爱奇艺",
                    "奇艺",
                    "youku",
                    "YouKu",
                    "优酷",
                    "sohu",
                    "SoHu",
                    "搜狐",
                    "letv",
                    "LeShi",
                    "乐视",
                    "imgo",
                    "mgtv",
                    "MangGuo",
                    "芒果",
                    "SLYS4k",
                    "BYGA",
                    "luanzi",
                    "AliS",
                    "dxzy",
                    "bilibili",
                    "QEYSS",
                    "xigua",
                    "西瓜视频",
                    "腾讯视频",
                    "奇艺视频",
                    "优酷视频",
                    "芒果视频",
                    "乐视视频"
                ],
                "header": {
                    "User-Agent": "Dart/3.0(dart:io)"
                }
            }
        },
        {
            "name": "高清解析2",
            "type": 1,
            "url": "http://pandown.pro/app/kkdy.php?url=",
            "ext": {
                "flag": [
                    "qq",
                    "腾讯",
                    "企鹅",
                    "IQiYi",
                    "qiyi",
                    "爱奇艺",
                    "奇艺",
                    "youku",
                    "YouKu",
                    "优酷",
                    "sohu",
                    "SoHu",
                    "搜狐",
                    "letv",
                    "LeShi",
                    "乐视",
                    "imgo",
                    "mgtv",
                    "MangGuo",
                    "芒果",
                    "SLYS4k",
                    "BYGA",
                    "luanzi",
                    "AliS",
                    "dxzy",
                    "bilibili",
                    "QEYSS",
                    "xigua",
                    "西瓜视频",
                    "腾讯视频",
                    "奇艺视频",
                    "优酷视频",
                    "芒果视频",
                    "乐视视频"
                ],
                "header": {
                    "User-Agent": "Dart/3.0(dart:io)"
                }
            }
        },
        {
            "name": "高清嗅探",
            "type": 0,
            "url": "https://jx.777jiexi.com/player/?next=https://www.woaimoon.com/vod/98780-9-3.html&url=",
            "ext": {
                "flag": [
                    "qq",
                    "腾讯",
                    "企鹅",
                    "IQiYi",
                    "qiyi",
                    "爱奇艺",
                    "奇艺",
                    "youku",
                    "YouKu",
                    "优酷",
                    "sohu",
                    "SoHu",
                    "搜狐",
                    "letv",
                    "LeShi",
                    "乐视",
                    "imgo",
                    "mgtv",
                    "MangGuo",
                    "芒果",
                    "SLYS4k",
                    "BYGA",
                    "luanzi",
                    "AliS",
                    "dxzy",
                    "bilibili",
                    "QEYSS",
                    "xigua",
                    "西瓜视频",
                    "腾讯视频",
                    "奇艺视频",
                    "优酷视频",
                    "芒果视频",
                    "乐视视频"
                ],
                "header": {
                    "User-Agent": "Dart/3.0(dart:io)"
                }
            }
        },
        {
            "name": "初恋",
            "type": 0,
            "url": "http://8.130.74.107:6080/?url=",
            "ext": {
                "flag": [
                    "qiyi",
                    "爱奇艺",
                    "奇艺",
                    "qq",
                    "腾讯",
                    "youku",
                    "优酷",
                    "pptv",
                    "PPTV",
                    "bilibili",
                    "哔哩哔哩",
                    "哔哩",
                    "imgo",
                    "mgtv",
                    "芒果"
                ],
                "header": {
                    "User-Agent": "Dart/2.14 (dart:io)"
                }
            }
        },
        {
            "name": "dy6g",
            "type": 0,
            "url": "https://vip.lianfaka.com/vip/?url=",
            "ext": {
                "flag": [
                    "qq",
                    "腾讯",
                    "企鹅",
                    "IQiYi",
                    "qiyi",
                    "爱奇艺",
                    "奇艺",
                    "youku",
                    "YouKu",
                    "优酷",
                    "sohu",
                    "SoHu",
                    "搜狐",
                    "letv",
                    "LeShi",
                    "乐视",
                    "imgo",
                    "mgtv",
                    "MangGuo",
                    "芒果",
                    "SLYS4k",
                    "BYGA",
                    "luanzi",
                    "AliS",
                    "dxzy",
                    "bilibili",
                    "QEYSS",
                    "xigua",
                    "西瓜视频",
                    "腾讯视频",
                    "奇艺视频",
                    "优酷视频",
                    "芒果视频",
                    "乐视视频"
                ],
                "header": {
                    "User-Agent": "Mozilla/5.0 (iPhone; CPU iPhone OS 13_2_3 like Mac OS X) AppleWebKit/605.1.15 (KHTML, like Gecko) Version/13.0.3 Mobile/15E148 Safari/604.1",
                    "Referer": "https://www.dy6g.com/"
                }
            }
        },
        {
            "name": "777解析",
            "type": 0,
            "url": "https://jx.777jiexi.com/player/?url=",
            "ext": {
                "flag": [
                    "qq",
                    "腾讯",
                    "企鹅",
                    "IQiYi",
                    "qiyi",
                    "爱奇艺",
                    "奇艺",
                    "youku",
                    "YouKu",
                    "优酷",
                    "sohu",
                    "SoHu",
                    "搜狐",
                    "letv",
                    "LeShi",
                    "乐视",
                    "imgo",
                    "mgtv",
                    "MangGuo",
                    "芒果",
                    "SLYS4k",
                    "BYGA",
                    "luanzi",
                    "AliS",
                    "dxzy",
                    "bilibili",
                    "QEYSS",
                    "xigua",
                    "西瓜视频",
                    "腾讯视频",
                    "奇艺视频",
                    "优酷视频",
                    "芒果视频",
                    "乐视视频"
                ],
                "header": {
                    "User-Agent": "Dart/3.0(dart:io)"
                }
            }
        },
        {
            "name": "🐱三个柒",
            "type": 0,
            "url": "https://jx.jsonplayer.com/player/?url=",
            "ext": {
                "flag": [
                    "qq",
                    "腾讯",
                    "企鹅",
                    "IQiYi",
                    "qiyi",
                    "爱奇艺",
                    "奇艺",
                    "youku",
                    "YouKu",
                    "优酷",
                    "sohu",
                    "SoHu",
                    "搜狐",
                    "letv",
                    "LeShi",
                    "乐视",
                    "imgo",
                    "mgtv",
                    "MangGuo",
                    "芒果",
                    "SLYS4k",
                    "BYGA",
                    "luanzi",
                    "AliS",
                    "dxzy",
                    "bilibili",
                    "QEYSS",
                    "xigua",
                    "西瓜视频",
                    "腾讯视频",
                    "奇艺视频",
                    "优酷视频",
                    "芒果视频",
                    "乐视视频"
                ],
                "header": {
                    "User-Agent": "Dart/3.0(dart:io)"
                }
            }
        },
        {
            "name": "🐱夜幕/",
            "type": 0,
            "url": "https://www.yemu.xyz/?url=",
            "ext": {
                "flag": [
                    "qq",
                    "腾讯",
                    "企鹅",
                    "IQiYi",
                    "qiyi",
                    "爱奇艺",
                    "奇艺",
                    "youku",
                    "YouKu",
                    "优酷",
                    "sohu",
                    "SoHu",
                    "搜狐",
                    "letv",
                    "LeShi",
                    "乐视",
                    "imgo",
                    "mgtv",
                    "MangGuo",
                    "芒果",
                    "SLYS4k",
                    "BYGA",
                    "luanzi",
                    "AliS",
                    "dxzy",
                    "bilibili",
                    "QEYSS",
                    "xigua",
                    "西瓜视频",
                    "腾讯视频",
                    "奇艺视频",
                    "优酷视频",
                    "芒果视频",
                    "乐视视频"
                ],
                "header": {
                    "User-Agent": "Dart/3.0(dart:io)"
                }
            }
        },
        {
            "name": "★左岸解析★",
            "type": 0,
            "url": "https://jx.bozrc.com:4433/player/?url=",
            "ext": {
                "flag": [
                    "qq",
                    "腾讯",
                    "企鹅",
                    "IQiYi",
                    "qiyi",
                    "爱奇艺",
                    "奇艺",
                    "youku",
                    "YouKu",
                    "优酷",
                    "sohu",
                    "SoHu",
                    "搜狐",
                    "letv",
                    "LeShi",
                    "乐视",
                    "imgo",
                    "mgtv",
                    "MangGuo",
                    "芒果",
                    "SLYS4k",
                    "BYGA",
                    "luanzi",
                    "AliS",
                    "dxzy",
                    "bilibili",
                    "QEYSS",
                    "xigua",
                    "西瓜视频",
                    "腾讯视频",
                    "奇艺视频",
                    "优酷视频",
                    "芒果视频",
                    "乐视视频"
                ],
                "header": {
                    "User-Agent": "Dart/3.0(dart:io)"
                }
            }
        },
        {
            "name": "🐱0号",
            "type": 0,
            "url": "http://91fanli.top/m3u8/?url=",
            "ext": {
                "flag": [
                    "qq",
                    "腾讯",
                    "企鹅",
                    "IQiYi",
                    "qiyi",
                    "爱奇艺",
                    "奇艺",
                    "youku",
                    "YouKu",
                    "优酷",
                    "sohu",
                    "SoHu",
                    "搜狐",
                    "letv",
                    "LeShi",
                    "乐视",
                    "imgo",
                    "mgtv",
                    "MangGuo",
                    "芒果",
                    "SLYS4k",
                    "BYGA",
                    "luanzi",
                    "AliS",
                    "dxzy",
                    "bilibili",
                    "QEYSS",
                    "xigua",
                    "西瓜视频",
                    "腾讯视频",
                    "奇艺视频",
                    "优酷视频",
                    "芒果视频",
                    "乐视视频"
                ],
                "header": {
                    "User-Agent": "Dart/3.0(dart:io)"
                }
            }
        },
        {
            "name": "🐱2号",
            "type": 0,
            "url": "https://jx.bozrc.com:4433/player/?url=",
            "ext": {
                "flag": [
                    "qq",
                    "腾讯",
                    "企鹅",
                    "IQiYi",
                    "qiyi",
                    "爱奇艺",
                    "奇艺",
                    "youku",
                    "YouKu",
                    "优酷",
                    "sohu",
                    "SoHu",
                    "搜狐",
                    "letv",
                    "LeShi",
                    "乐视",
                    "imgo",
                    "mgtv",
                    "MangGuo",
                    "芒果",
                    "SLYS4k",
                    "BYGA",
                    "luanzi",
                    "AliS",
                    "dxzy",
                    "bilibili",
                    "QEYSS",
                    "xigua",
                    "西瓜视频",
                    "腾讯视频",
                    "奇艺视频",
                    "优酷视频",
                    "芒果视频",
                    "乐视视频"
                ],
                "header": {
                    "User-Agent": "Dart/3.0(dart:io)"
                }
            }
        },
        {
            "name": "🐱3号",
            "type": 0,
            "url": "https://jiexi.555jiexi.net:555/player/?url=",
            "ext": {
                "flag": [
                    "qq",
                    "腾讯",
                    "企鹅",
                    "IQiYi",
                    "qiyi",
                    "爱奇艺",
                    "奇艺",
                    "youku",
                    "YouKu",
                    "优酷",
                    "sohu",
                    "SoHu",
                    "搜狐",
                    "letv",
                    "LeShi",
                    "乐视",
                    "imgo",
                    "mgtv",
                    "MangGuo",
                    "芒果",
                    "SLYS4k",
                    "BYGA",
                    "luanzi",
                    "AliS",
                    "dxzy",
                    "bilibili",
                    "QEYSS",
                    "xigua",
                    "西瓜视频",
                    "腾讯视频",
                    "奇艺视频",
                    "优酷视频",
                    "芒果视频",
                    "乐视视频"
                ],
                "header": {
                    "User-Agent": "Dart/3.0(dart:io)"
                }
            }
        },
        {
            "name": "🐱6号",
            "type": 0,
            "url": "https://www.yemu.xyz/?url=",
            "ext": {
                "flag": [
                    "qq",
                    "腾讯",
                    "企鹅",
                    "IQiYi",
                    "qiyi",
                    "爱奇艺",
                    "奇艺",
                    "youku",
                    "YouKu",
                    "优酷",
                    "sohu",
                    "SoHu",
                    "搜狐",
                    "letv",
                    "LeShi",
                    "乐视",
                    "imgo",
                    "mgtv",
                    "MangGuo",
                    "芒果",
                    "SLYS4k",
                    "BYGA",
                    "luanzi",
                    "AliS",
                    "dxzy",
                    "bilibili",
                    "QEYSS",
                    "xigua",
                    "西瓜视频",
                    "腾讯视频",
                    "奇艺视频",
                    "优酷视频",
                    "芒果视频",
                    "乐视视频"
                ],
                "header": {
                    "User-Agent": "Dart/3.0(dart:io)"
                }
            }
        },
        {
            "name": "🐱10号",
            "type": 0,
            "url": "https://jx.m3u8.tv/jiexi/?url=",
            "ext": {
                "flag": [
                    "qq",
                    "腾讯",
                    "企鹅",
                    "IQiYi",
                    "qiyi",
                    "爱奇艺",
                    "奇艺",
                    "youku",
                    "YouKu",
                    "优酷",
                    "sohu",
                    "SoHu",
                    "搜狐",
                    "letv",
                    "LeShi",
                    "乐视",
                    "imgo",
                    "mgtv",
                    "MangGuo",
                    "芒果",
                    "SLYS4k",
                    "BYGA",
                    "luanzi",
                    "AliS",
                    "dxzy",
                    "bilibili",
                    "QEYSS",
                    "xigua",
                    "西瓜视频",
                    "腾讯视频",
                    "奇艺视频",
                    "优酷视频",
                    "芒果视频",
                    "乐视视频"
                ],
                "header": {
                    "User-Agent": "Dart/3.0(dart:io)"
                }
            }
        },
        {
            "name": "🐱11号",
            "type": 0,
            "url": "https://z1.m1907.cn/?jx=",
            "ext": {
                "flag": [
                    "qq",
                    "腾讯",
                    "企鹅",
                    "IQiYi",
                    "qiyi",
                    "爱奇艺",
                    "奇艺",
                    "youku",
                    "YouKu",
                    "优酷",
                    "sohu",
                    "SoHu",
                    "搜狐",
                    "letv",
                    "LeShi",
                    "乐视",
                    "imgo",
                    "mgtv",
                    "MangGuo",
                    "芒果",
                    "SLYS4k",
                    "BYGA",
                    "luanzi",
                    "AliS",
                    "dxzy",
                    "bilibili",
                    "QEYSS",
                    "xigua",
                    "西瓜视频",
                    "腾讯视频",
                    "奇艺视频",
                    "优酷视频",
                    "芒果视频",
                    "乐视视频"
                ],
                "header": {
                    "User-Agent": "Dart/3.0(dart:io)"
                }
            }
        },
        {
            "name": "🐱15号",
            "type": 0,
            "url": "https://jx.aidouer.net/?url=",
            "ext": {
                "flag": [
                    "qq",
                    "腾讯",
                    "企鹅",
                    "IQiYi",
                    "qiyi",
                    "爱奇艺",
                    "奇艺",
                    "youku",
                    "YouKu",
                    "优酷",
                    "sohu",
                    "SoHu",
                    "搜狐",
                    "letv",
                    "LeShi",
                    "乐视",
                    "imgo",
                    "mgtv",
                    "MangGuo",
                    "芒果",
                    "SLYS4k",
                    "BYGA",
                    "luanzi",
                    "AliS",
                    "dxzy",
                    "bilibili",
                    "QEYSS",
                    "xigua",
                    "西瓜视频",
                    "腾讯视频",
                    "奇艺视频",
                    "优酷视频",
                    "芒果视频",
                    "乐视视频"
                ],
                "header": {
                    "User-Agent": "Dart/3.0(dart:io)"
                }
            }
        },
        {
            "name": "🐱18号",
            "type": 0,
            "url": "http://api.wpsseo.cn/?v=",
            "ext": {
                "header": {
                    "User-Agent": "Mozilla/5.0"
                }
            }
        },
        {
            "name": "🐱19号",
            "type": 0,
            "url": "https://jx.cainisi.cf/?v=",
            "ext": {
                "header": {
                    "User-Agent": "okhttp/4.1.0"
                }
            }
        },
        {
            "name": "🐱21号",
            "type": 0,
            "url": "https://jx.ppjbk.cn/?url=",
            "ext": {
                "header": {
                    "User-Agent": "Mozilla/5.0"
                }
            }
        },
        {
            "name": "🐱24号",
            "type": 0,
            "url": "https://player.maqq.cn/?url=",
            "ext": {
                "header": {
                    "User-Agent": "Mozilla/5.0"
                }
            }
        },
        {
            "name": "🐱29号",
            "type": 0,
            "url": "https://www.ckplayer.vip/jiexi/?url=",
            "ext": {
                "header": {
                    "User-Agent": "Mozilla/5.0"
                }
            }
        },
        {
            "name": "🐱30号",
            "type": 0,
            "url": "https://jx.kingtail.xyz/?url=",
            "ext": {
                "header": {
                    "User-Agent": "Mozilla/5.0"
                }
            }
        },
        {
            "name": "🐱32号",
            "type": 0,
            "url": "https://jx.xmflv.com/?url=",
            "ext": {
                "header": {
                    "User-Agent": "Mozilla/5.0"
                }
            }
        },
        {
            "name": "🐱33号",
            "type": 0,
            "url": "https://parse.123mingren.com/?url=",
            "ext": {
                "header": {
                    "User-Agent": "Mozilla/5.0"
                }
            }
        },
        {
            "name": "解析啦",
            "type": 0,
            "url": "https://api.jiexi.la/?url=",
            "ext": {
                "flag": [
                    "qq",
                    "腾讯",
                    "qiyi",
                    "爱奇艺",
                    "奇艺",
                    "youku",
                    "优酷",
                    "sohu",
                    "搜狐",
                    "letv",
                    "乐视",
                    "mgtv",
                    "芒果",
                    "rx",
                    "ltnb",
                    "bilibili",
                    "1905",
                    "xigua"
                ]
            }
        },
        {
            "name": "17云解析",
            "type": 0,
            "url": "https://www.1717yun.com/jx/ty.php?url=",
            "ext": {
                "flag": [
                    "qq",
                    "腾讯",
                    "qiyi",
                    "爱奇艺",
                    "奇艺",
                    "youku",
                    "优酷",
                    "sohu",
                    "搜狐",
                    "letv",
                    "乐视",
                    "mgtv",
                    "芒果",
                    "rx",
                    "ltnb",
                    "bilibili",
                    "1905",
                    "xigua"
                ]
            }
        },
        {
            "name": "酷享解析",
            "type": 0,
            "url": "https://jx.jsonplayer.com/player/?url=",
            "ext": {
                "flag": [
                    "qq",
                    "腾讯",
                    "qiyi",
                    "爱奇艺",
                    "奇艺",
                    "youku",
                    "优酷",
                    "sohu",
                    "搜狐",
                    "letv",
                    "乐视",
                    "mgtv",
                    "芒果",
                    "CL4K",
                    "renrenmi",
                    "ltnb",
                    "bilibili",
                    "1905",
                    "xigua"
                ]
            }
        },
        {
            "name": "江湖解析",
            "type": 0,
            "url": "https://www.pangujiexi.com/pangu/?url=",
            "ext": {
                "flag": [
                    "qq",
                    "qiyi",
                    "mgtv",
                    "youku",
                    "letv",
                    "sohu",
                    "xigua",
                    "1905",
                    "优播线路",
                    "腾播线路"
                ],
                "header": {
                    "User-Agent": "Dart/2.14 (dart:io)"
                }
            }
        },
        {
            "name": "🐱战狼",
            "type": 0,
            "url": "https://jx.zhanlangbu.com/?url",
            "ext": {
                "flag": [
                    "qq",
                    "腾讯",
                    "qiyi",
                    "爱奇艺",
                    "奇艺",
                    "youku",
                    "优酷",
                    "mgtv",
                    "芒果",
                    "letv",
                    "乐视",
                    "pptv",
                    "PPTV",
                    "sohu",
                    "bilibili",
                    "哔哩哔哩",
                    "哔哩"
                ],
                "header": {
                    "User-Agent": ""
                }
            }
        },
        {
            "name": "🐱芒果腾讯专用",
            "type": 0,
            "url": "https://jx.xmflv.com/?url=",
            "ext": {
                "flag": [
                    "qq",
                    "腾讯",
                    "qiyi",
                    "爱奇艺",
                    "奇艺",
                    "youku",
                    "优酷",
                    "mgtv",
                    "芒果",
                    "letv",
                    "乐视",
                    "pptv",
                    "PPTV",
                    "sohu",
                    "bilibili",
                    "哔哩哔哩",
                    "哔哩"
                ],
                "header": {
                    "User-Agent": ""
                }
            }
        },
        {
            "name": "🐱腾讯备用",
            "type": 0,
            "url": "https://go.yh0523.cn/y.cy?url=",
            "ext": {
                "flag": [
                    "qq",
                    "腾讯",
                    "qiyi",
                    "爱奇艺",
                    "奇艺",
                    "youku",
                    "优酷",
                    "mgtv",
                    "芒果",
                    "letv",
                    "乐视",
                    "pptv",
                    "PPTV",
                    "sohu",
                    "bilibili",
                    "哔哩哔哩",
                    "哔哩"
                ],
                "header": {
                    "User-Agent": ""
                }
            }
        },
        {
            "name": "🐱手动点击json播",
            "type": 0,
            "url": "https://jx.jsonplayer.com/player/?=&url=",
            "ext": {
                "flag": [
                    "qq",
                    "腾讯",
                    "qiyi",
                    "爱奇艺",
                    "奇艺",
                    "youku",
                    "优酷",
                    "mgtv",
                    "芒果",
                    "letv",
                    "乐视",
                    "pptv",
                    "PPTV",
                    "sohu",
                    "bilibili",
                    "哔哩哔哩",
                    "哔哩"
                ],
                "header": {
                    "User-Agent": ""
                }
            }
        },
        {
            "name": "🐱手动点击诺讯",
            "type": 0,
            "url": "https://yun.nxflv.com/?url=",
            "ext": {
                "flag": [
                    "qq",
                    "腾讯",
                    "qiyi",
                    "爱奇艺",
                    "奇艺",
                    "youku",
                    "优酷",
                    "mgtv",
                    "芒果",
                    "letv",
                    "乐视",
                    "pptv",
                    "PPTV",
                    "sohu",
                    "bilibili",
                    "哔哩哔哩",
                    "哔哩"
                ],
                "header": {
                    "User-Agent": ""
                }
            }
        }
    ],
    "ijk": [
        {
            "group": "软解码",
            "options": [
                {
                    "category": 4,
                    "name": "opensles",
                    "value": "0"
                },
                {
                    "category": 4,
                    "name": "overlay-format",
                    "value": "842225234"
                },
                {
                    "category": 4,
                    "name": "framedrop",
                    "value": "1"
                },
                {
                    "category": 4,
                    "name": "soundtouch",
                    "value": "1"
                },
                {
                    "category": 4,
                    "name": "start-on-prepared",
                    "value": "1"
                },
                {
                    "category": 1,
                    "name": "http-detect-range-support",
                    "value": "0"
                },
                {
                    "category": 2,
                    "name": "skip_loop_filter",
                    "value": "48"
                },
                {
                    "category": 4,
                    "name": "reconnect",
                    "value": "1"
                },
                {
                    "category": 4,
                    "name": "enable-accurate-seek",
                    "value": "0"
                },
                {
                    "category": 4,
                    "name": "mediacodec",
                    "value": "0"
                },
                {
                    "category": 4,
                    "name": "mediacodec-auto-rotate",
                    "value": "0"
                },
                {
                    "category": 4,
                    "name": "mediacodec-handle-resolution-change",
                    "value": "0"
                },
                {
                    "category": 4,
                    "name": "mediacodec-hevc",
                    "value": "0"
                },
                {
                    "category": 1,
                    "name": "dns_cache_timeout",
                    "value": "600000000"
                }
            ]
        },
        {
            "group": "硬解码",
            "options": [
                {
                    "category": 4,
                    "name": "opensles",
                    "value": "0"
                },
                {
                    "category": 4,
                    "name": "overlay-format",
                    "value": "842225234"
                },
                {
                    "category": 4,
                    "name": "framedrop",
                    "value": "1"
                },
                {
                    "category": 4,
                    "name": "soundtouch",
                    "value": "1"
                },
                {
                    "category": 4,
                    "name": "start-on-prepared",
                    "value": "1"
                },
                {
                    "category": 1,
                    "name": "http-detect-range-support",
                    "value": "0"
                },
                {
                    "category": 1,
                    "name": "fflags",
                    "value": "fastseek"
                },
                {
                    "category": 2,
                    "name": "skip_loop_filter",
                    "value": "48"
                },
                {
                    "category": 4,
                    "name": "reconnect",
                    "value": "1"
                },
                {
                    "category": 4,
                    "name": "enable-accurate-seek",
                    "value": "0"
                },
                {
                    "category": 4,
                    "name": "mediacodec",
                    "value": "1"
                },
                {
                    "category": 4,
                    "name": "mediacodec-auto-rotate",
                    "value": "1"
                },
                {
                    "category": 4,
                    "name": "mediacodec-handle-resolution-change",
                    "value": "1"
                },
                {
                    "category": 4,
                    "name": "mediacodec-hevc",
                    "value": "1"
                },
                {
                    "category": 1,
                    "name": "dns_cache_timeout",
                    "value": "600000000"
                }
            ]
        }
    ],
    "doh": [
        {
            "name": "Google",
            "url": "https://dns.google/dns-query",
            "ips": [
                "8.8.4.4",
                "8.8.8.8"
            ]
        },
        {
            "name": "Cloudflare",
            "url": "https://cloudflare-dns.com/dns-query",
            "ips": [
                "1.1.1.1",
                "1.0.0.1",
                "2606:4700:4700::1111",
                "2606:4700:4700::1001"
            ]
        },
        {
            "name": "AdGuard",
            "url": "https://dns.adguard.com/dns-query",
            "ips": [
                "94.140.14.140",
                "94.140.14.141"
            ]
        },
        {
            "name": "DNSWatch",
            "url": "https://resolver2.dns.watch/dns-query",
            "ips": [
                "84.200.69.80",
                "84.200.70.40"
            ]
        },
        {
            "name": "Quad9",
            "url": "https://dns.quad9.net/dns-quer",
            "ips": [
                "9.9.9.9",
                "149.112.112.112"
            ]
        }
    ],
    "rules": [
        {
            "name": "量子",
            "hosts": [
                "vip.lz",
                "hd.lz"
            ],
            "regex": [
                "#EXT-X-DISCONTINUITY\\r*\\n*#EXTINF:6.433333,[\\s\\S]*?#EXT-X-DISCONTINUITY"
            ]
        },
        {
            "name": "爱酷",
            "hosts": [
                "cdn.json.icu"
            ],
            "regex": [
                "#EXTINF:1.000000,[\\s\\S]*?#EXT-X-ENDLIST"
            ]
        },
        {
            "name": "非凡",
            "hosts": [
                "vip.ffzy",
                "hd.ffzy"
            ],
            "regex": [
                "#EXT-X-DISCONTINUITY\\r*\\n*#EXTINF:6.666667,[\\s\\S]*?#EXT-X-DISCONTINUITY"
            ]
        },
        {
            "host": "piaku.cc",
            "rule": [
                ".mp4",
                ".m3u8",
                "?auth_token",
                "m3u8"
            ]
        },
        {
            "host": "v.3412.net.cn",
            "rule": [
                ".mp4",
                "security-token=",
                "aliyuncs.com",
                "m3u8"
            ]
        },
        {
            "host": "jx.jsonplayer.com",
            "rule": [
                ".mp4",
                ".m3u8",
                "?vkey=",
                "110.42.2.115",
                "m3u8"
            ]
        },
        {
            "host": "movie.bulei.cc",
            "rule": [
                ".mp4",
                ".m3u8",
                "?vkey=",
                "1ftn_handler",
                "http://1.71.18.153",
                "mu.dcd1.cn",
                "aliyundrive.net",
                "m3u8"
            ]
        },
        {
            "host": "rebozj.pro",
            "rule": [
                ".mp4",
                ".m3u8",
                "https://p3-sign.douyinpic.com",
                "m3u8"
            ]
        },
        {
            "host": "brovod.com",
            "rule": [
                ".m3u8"
            ]
        },
        {
            "host": "https://www1.gntv.live",
            "rule": [
                ".m3u8",
                "m3u8?",
                "4k.clyjx.cn:97"
            ]
        },
        {
            "host": "renren.pro",
            "rule": [
                ".m3u8"
            ]
        },
        {
            "host": "https://v.3412.net.cn",
            "rule": [
                ".m3u8",
                ".m3u8?",
                ".mp4"
            ]
        },
        {
            "host": "v.t-ui.cn",
            "rule": [
                ".m3u8",
                "m3u8?",
                "vip.ffzy-play4.com"
            ]
        },
        {
            "host": "cj.ffzyapi.com",
            "rule": [
                ".m3u8",
                "m3u8?"
            ]
        },
        {
            "host": "siguyy.com",
            "rule": [
                "mp4",
                ".m3u8",
                "https://ccp-bj29-video-preview.oss-enet.aliyuncs.com",
                "aliyuncs.com"
            ]
        },
        {
            "name": "米来",
            "hosts": [
                "zy.behds.cn"
            ],
            "regex": [
                "#EXTINF"
            ]
        },
        {
            "name": "ICU",
            "hosts": [
                "cdn.json.icu"
            ],
            "regex": [
                "#EXTINF:1.000000,[\\s\\S]*?#EXT-X-ENDLIST"
            ]
        },
        {
            "name": "火山嗅探",
            "hosts": [
                "huoshan.com"
            ],
            "regex": [
                "item_id="
            ]
        },
        {
            "name": "抖音嗅探",
            "hosts": [
                "douyin.com"
            ],
            "regex": [
                "is_play_url="
            ]
        }
    ],
    "ads": [
        "https://lf1-cdn-tos.bytegoofy.com/obj/tos-cn-i-dy/455ccf9e8ae744378118e4bd289288dd",
        "mimg.0c1q0l.cn",
        "www.googletagmanager.com",
        "www.google-analytics.com",
        "wan.51img1.com",
        "mc.usihnbcq.cn",
        "mg.g1mm3d.cn",
        "mscs.svaeuzh.cn",
        "cnzz.hhttm.top",
        "tp.vinuxhome.com",
        "cnzz.mmstat.com",
        "www.baihuillq.com",
        "s23.cnzz.com",
        "z3.cnzz.com",
        "c.cnzz.com",
        "stj.v1vo.top",
        "z12.cnzz.com",
        "img.mosflower.cn",
        "tips.gamevvip.com",
        "ehwe.yhdtns.com",
        "xdn.cqqc3.com",
        "www.jixunkyy.cn",
        "sp.chemacid.cn",
        "hm.baidu.com",
        "s9.cnzz.com",
        "z6.cnzz.com",
        "um.cavuc.com",
        "mav.mavuz.com",
        "wofwk.aoidf3.com",
        "z5.cnzz.com",
        "xc.hubeijieshikj.cn",
        "tj.tianwenhu.com",
        "xg.gars57.cn",
        "k.jinxiuzhilv.com",
        "cdn.bootcss.com",
        "ppl.xunzhuo123.com",
        "xomk.jiangjunmh.top",
        "img.xunzhuo123.com",
        "z1.cnzz.com",
        "s13.cnzz.com",
        "xg.huataisangao.cn",
        "z7.cnzz.com",
        "xg.huataisangao.cn",
        "z2.cnzz.com",
        "s96.cnzz.com",
        "q11.cnzz.com",
        "thy.dacedsfa.cn",
        "xg.whsbpw.cn",
        "s19.cnzz.com",
        "z8.cnzz.com",
        "s4.cnzz.com",
        "f5w.as12df.top",
        "ae01.alicdn.com",
        "www.92424.cn",
        "k.wudejia.com",
        "vivovip.mmszxc.top",
        "qiu.xixiqiu.com",
        "cdnjs.hnfenxun.com",
        "cms.qdwght.com"
    ]
}