{
    "sites": [
        {
            "key": "js豆瓣",
            "name": "🐼┃豆瓣┃新微信公众号：肥猫宝贝",
            "type": 3,
            "api": "./drpy2.min.js",
            "ext": "./js/豆瓣.js"
        },
        {
            "key": "直播转点播",
            "name": "🐼️┃电视┃直播",
            "type": 3,
            "api": "./直播转点播2.js",
            "ext": "./json/直播仓.json"
        },
        {
            "key": " 在线┃直播",
            "name": "📺┃竞技┃直播",
            "type": 3,
            "api": "csp_Yj1211",
            "searchable": 1,
            "quickSearch": 1,
            "filterable": 1
        },
        {
            "key": "alist",
            "name": "🍰┃小鸭┃网盘",
            "type": 3,
            "api": "csp_AList",
            "searchable": 1,
            "quickSearch": 1,
            "filterable": 1,
            "ext": "./json/alist.json"
        },
        {
            "key": "荐片",
            "name": "🎬┃荐片┃影视",
            "type": 3,
            "api": "./drpy2.min.js",
            "ext": "./js/荐片.js",
            "searchable": 1,
            "quickSearch": 1,
            "filterable": 1
        },
        {
            "key": "磁力熊",
            "name": "🐻┃熊熊┃磁力",
            "type": 3,
            "api": "./drpy2.min.js",
            "ext": "./js/磁力熊.js",
            "searchable": 1,
            "quickSearch": 1,
            "filterable": 1
        },
        {
            "key": "yyds",
            "name": "🔥┃杳音┃影院",
            "type": 3,
            "api": "./drpy2.min.js",
            "playerType": "2",
            "ext": "./js/yyds.js",
            "searchable": 1,
            "quickSearch": 1,
            "filterable": 1
        },
        {
            "key": "素白",
            "name": "🦢┃素白┃影视",
            "type": 3,
            "api": "csp_XBPQ",
            "ext": "./json/素白.json"
        },
        {
            "key": "夜夜",
            "name": "🦉┃夜夜┃影视",
            "type": 3,
            "api": "csp_XBPQ",
            "ext": {
                "站名": "夜光影视",
                "主页url": "https://www.ygpvp.com/",
                "分类url": "https://www.ygpvp.com/vodshow/{cateId}--------{catePg}---{year}.html;;v",
                "分类": "电影$1#电视剧$2#综艺$3#动漫$4",
                "图片": "data-original=\"&&\"",
                "链接": "href=\"&&\"",
                "搜索模式": "1",
                "搜索url": "https://www.ygpvp.com/index.php/ajax/suggest?mid=1&wd={wd}&limit=500",
                "搜索二次截取": "\"list\":[&&]",
                "搜索数组": "{&&}",
                "搜索标题": "\"name\":\"&&\"",
                "搜索图片": "\"pic\":\"&&\"",
                "搜索链接": "https://www.ygpvp.com/voddetail/+\"id\":&&,+html",
                "跳转播放链接": "https://bfq.ygpvp.com/ygbfq1/?url=+vod_class*url\":\"&&\"",
                "二次跳转播放链接": "https://bfq.ygpvp.com/ygbfq1/API.php;post;url=+\"url\"*\"&&\"+&ac=jx",
                "三次跳转播放链接": "\"url\"*\"&&\"",
                "年代": "年份：&&</a>",
                "地区": "地区：&&</a>",
                "类型": "类型：&&</a>",
                "导演": "导演：&&</p>",
                "主演": "主演：&&</p>",
                "简介": "<p>&&</p>"
            }
        },
        {
            "key": "虎虎",
            "name": "🐯┃虎虎┃影视",
            "type": 3,
            "api": "csp_XBPQ",
            "ext": "./json/虎虎.json"
        },
        {
            "key": "YQK_spider",
            "name": "🙆┃一起┃电视",
            "api": "csp_YQKAPP",
            "type": 3,
            "filterable": 1,
            "playerType": 2,
            "quickSearch": 1,
            "searchable": 1,
            "ext": "https://hk-api-cf.yqk5659.com"
        },
        {
            "key": "七七",
            "name": "🌈┃七七┃影视",
            "type": 3,
            "api": "csp_Kunyu77",
            "searchable": 1,
            "quickSearch": 1,
            "filterable": 1
        },
        {
            "key": "csp_DiDuan",
            "name": "⏮️┃低端┃影视",
            "type": 3,
            "api": "csp_Ddrk",
            "searchable": 1,
            "quickSearch": 1,
            "filterable": 0
        },
        {
            "key": "爱看Bot",
            "name": "🏇┃爱看┃Bot",
            "type": 3,
            "api": "./Bot.js"
        },
        {
            "key": "厂长",
            "name": "🏭┃厂长┃影视",
            "type": 3,
            "api": "csp_Czsapp",
            "searchable": 1,
            "quickSearch": 1,
            "filterable": 1,
            "playerType": 2,
            "ext": "https://cz01.me/"
        },
        {
            "key": "双十",
            "name": "💖┃双十┃影视",
            "type": 3,
            "api": "csp_Dy1010",
            "playerType": 1,
            "ext": "https://www.1010dy3.com/"
        },
        {
            "key": "csp_Bttoo",
            "name": "🔺┃Btto┃影视",
            "api": "csp_Bttwoo",
            "type": 3,
            "filterable": 1,
            "quickSearch": 1,
            "searchable": 1
        },
        {
            "key": "csp_FanYY",
            "name": "🧸┃玩偶┃影视",
            "type": 3,
            "api": "csp_WoGG",
            "searchable": 1,
            "quickSearch": 1,
            "filterable": 1,
            "ext": "http://127.0.0.1:9978/file/tvboxqq/token.txt$$$https://wogg.xyz/"
        },
        {
            "key": "csp_AppMr",
            "name": "👻┃明明┃影视",
            "type": 3,
            "api": "csp_AppMr",
            "searchable": 1,
            "quickSearch": 1,
            "filterable": 1
        },
        {
            "key": "爱迪",
            "name": "💡┃爱迪┃影视",
            "type": 3,
            "api": "csp_AppYsV2",
            "playerType": "2",
            "ext": "https://api123.adys.app/xgapp.php/v3/",
            "searchable": 1,
            "quickSearch": 1,
            "filterable": 1
        },
        {
            "key": "Kuaikan",
            "name": "👀┃快看┃影视",
            "type": 3,
            "api": "csp_Kuaikan",
            "searchable": 1,
            "quickSearch": 1,
            "filterable": 1
        },
        {
            "key": "飞速",
            "name": "🚄┃影探┃影视",
            "type": 3,
            "api": "./drpy2.min.js",
            "searchable": 1,
            "quickSearch": 1,
            "filterable": 1,
            "ext": "./js/V2影探.js"
        },
        {
            "key": "小艺",
            "name": "🥩┃小艺┃影视",
            "type": 3,
            "api": "csp_AppYsV2",
            "searchable": 1,
            "quickSearch": 1,
            "filterable": 1,
            "ext": "https://lg.tvcms.top/api.php/app/"
        },
        {
            "key": "蘑菇",
            "name": "🍄┃蘑菇┃影视",
            "type": 3,
            "api": "csp_XBPQ",
            "searchable": 1,
            "quickSearch": 1,
            "filterable": 1,
            "ext": "./json/蘑菇.json"
        },
        {
            "key": "csp_Lib",
            "name": "💫┃Lib  ┃影视",
            "type": 3,
            "api": "csp_Libvio",
            "searchable": 1,
            "playerType": 2,
            "quickSearch": 1,
            "filterable": 0,
            "ext": "https://tv.libvio.cc"
        },
        {
            "key": "Lezhu",
            "name": "🐷┃乐猪┃影视",
            "api": "csp_XBPQ",
            "type": 3,
            "filterable": 1,
            "quickSearch": 1,
            "searchable": 1,
            "ext": "./json/乐猪.json"
        },
        {
            "key": "csp_Lgyy",
            "name": "🌀┃蓝光┃影视",
            "type": 3,
            "api": "csp_Lgyy",
            "searchable": 1,
            "quickSearch": 1,
            "filterable": 1,
            "ext": "https://www.lgyy.vip"
        },
        {
            "key": "csp_fant",
            "name": "🍙┃饭团┃影视",
            "type": 3,
            "api": "csp_Fantuan",
            "filterable": 1,
            "quickSearch": 1,
            "searchable": 1,
            "playerType": 1
        },
        {
            "key": "csp_Auete",
            "name": "🏝┃Aue ┃影视",
            "type": 3,
            "api": "csp_Auete",
            "searchable": 1,
            "quickSearch": 1,
            "filterable": 1
        },
        {
            "key": "鸭鸭",
            "name": "🦆┃鸭鸭┃影视",
            "type": 3,
            "api": "csp_AppYsV2",
            "searchable": 1,
            "quickSearch": 1,
            "filterable": 1,
            "ext": "https://yayayaaapp.ynf.icu/api.php/app/"
        },
        {
            "key": "drpy_js_奇珍异兽",
            "name": "🐨┃爱奇┃官源",
            "type": 3,
            "api": "./drpy2.min.js",
            "ext": "./js/爱奇.js"
        },
        {
            "key": "Qtv",
            "name": "🐧┃企鹅┃官源",
            "type": 3,
            "api": "csp_Qtv",
            "searchable": 1,
            "quickSearch": 1,
            "filterable": 1
        },
        {
            "key": "csp_SP360",
            "name": "📺┃360┃官源",
            "type": 3,
            "api": "csp_XBPQ",
            "searchable": 1,
            "quickSearch": 1,
            "filterable": 1,
            "ext": "./json/360影视.json"
        },
        {
            "key": "MGT",
            "name": "🍋┃芒果┃官源",
            "type": 3,
            "api": "csp_Mtv",
            "searchable": 1,
            "quickSearch": 1,
            "filterable": 1
        },
        {
            "key": "csp_Ysgc",
            "name": "🎥┃影视┃工厂",
            "type": 3,
            "api": "csp_Ysgc",
            "searchable": 1,
            "quickSearch": 1,
            "filterable": 1,
            "m3u8ads": "hd.youyhn.com",
            "ext": "https://www.ysgc.fun"
        },
        {
            "key": "csp_Ying",
            "name": "🌸┃樱花┃动漫",
            "type": 3,
            "api": "csp_Ying",
            "searchable": 1,
            "quickSearch": 1,
            "filterable": 1
        },
        {
            "key": "csp_Anime1",
            "name": "💀┃日本┃动漫",
            "type": 3,
            "api": "csp_Anime1",
            "searchable": 1,
            "quickSearch": 1,
            "filterable": 1
        },
        {
            "key": "csp_XBiuCOKEMV",
            "name": "🍬┃可乐┃影视",
            "type": 3,
            "api": "csp_Cokemv",
            "searchable": 1,
            "quickSearch": 1,
            "filterable": 1,
            "playerType": 2
        },
        {
            "key": "csp_search_七夜",
            "name": "👴┃七夜┃搜索",
            "type": 3,
            "api": "csp_Dovx",
            "searchable": 1,
            "quickSearch": 1,
            "filterable": 0,
            "ext": "http://127.0.0.1:9978/file/tvboxqq/token.txt"
        },
        {
            "key": "csp_search_PanSearch",
            "name": "🗂️┃盘搜┃搜索",
            "type": 3,
            "api": "csp_PanSearch",
            "searchable": 1,
            "quickSearch": 1,
            "filterable": 0,
            "ext": "http://127.0.0.1:9978/file/tvboxqq/token.txt"
        },
        {
            "key": "csp_search_Yisou",
            "name": "🐏┃易搜┃搜索",
            "type": 3,
            "api": "csp_YiSo",
            "playerType": 1,
            "searchable": 1,
            "quickSearch": 1,
            "filterable": 0,
            "ext": "http://127.0.0.1:9978/file/tvboxqq/token.txt"
        },
        {
            "key": "csp_search_Zhaozy",
            "name": "🐑┃资源┃搜索",
            "type": 3,
            "api": "csp_Zhaozy",
            "playerType": 1,
            "searchable": 1,
            "quickSearch": 0,
            "filterable": 0,
            "ext": "http://127.0.0.1:9978/file/tvboxqq/token.txt$$$feimao$$$123456"
        },
        {
            "key": "csp_search_Upyunso",
            "name": "🐐┃云搜┃搜索",
            "type": 3,
            "api": "csp_UpYun",
            "playerType": 1,
            "searchable": 1,
            "quickSearch": 1,
            "filterable": 0,
            "ext": "http://127.0.0.1:9978/file/tvboxqq/token.txt"
        },
        {
            "key": "csp_search_Alips",
            "name": "🦌┃盘搜┃搜索",
            "type": 3,
            "api": "csp_PanSou",
            "playerType": 1,
            "searchable": 1,
            "quickSearch": 1,
            "filterable": 0,
            "ext": "http://127.0.0.1:9978/file/tvboxqq/token.txt"
        },
        {
            "key": "csp_BBB",
            "name": "🅱┃哔哩┃合集",
            "type": 3,
            "api": "csp_Bili",
            "searchable": 1,
            "quickSearch": 0,
            "filterable": 1,
            "ext": "./json/bili.json"
        },
        {
            "key": "csp_戏曲",
            "name": "🅱┃哔哩┃戏曲",
            "type": 3,
            "api": "csp_Bili",
            "searchable": 1,
            "quickSearch": 0,
            "filterable": 1,
            "ext": "./json/戏曲.json"
        },
        {
            "key": "演唱会",
            "name": "🅱┃哔哩┃音乐",
            "type": 3,
            "api": "csp_Bili",
            "searchable": 0,
            "quickSearch": 0,
            "filterable": 1,
            "ext": "./json/ych.json"
        },
        {
            "key": "js虎牙",
            "name": "🐅┃虎牙┃直播",
            "type": 3,
            "api": "./drpy2.min.js",
            "ext": "./js/虎牙直播.js",
            "searchable": 0,
            "quickSearch": 0,
            "filterable": 0
        },
        {
            "key": "csp_XYQBiu_斗鱼",
            "name": "🐟┃斗鱼┃直播",
            "type": 3,
            "api": "csp_XYQBiu",
            "searchable": 0,
            "quickSearch": 0,
            "filterable": 0,
            "ext": "./json/斗鱼.json"
        },
        {
            "key": "csp_XPath_企鹅体育",
            "name": "🐧┃企鹅┃体育",
            "type": 3,
            "api": "csp_XPath",
            "searchable": 0,
            "quickSearch": 0,
            "filterable": 0,
            "ext": "./json/企鹅直播.json"
        },
        {
            "key": "dr_88看球",
            "name": "🏀┃八八┃看球",
            "type": 3,
            "api": "./drpy2.min.js",
            "searchable": 0,
            "quickSearch": 0,
            "filterable": 0,
            "ext": "./js/88看球.js"
        },
        {
            "key": "drpy_js_JRKAN直播",
            "name": "🏀┃JRS┃看球",
            "type": 3,
            "api": "./drpy2.min.js",
            "ext": "./js/JRKAN直播.js"
        },
        {
            "key": "csp_XYQBiu_聚合短视频",
            "name": "📽️┃视频┃聚合",
            "type": 3,
            "api": "csp_XYQBiu",
            "searchable": 0,
            "quickSearch": 0,
            "filterable": 0,
            "ext": "./json/短视频.json"
        },
        {
            "key": "drpy_js_有声小说吧",
            "name": "📻┃有声┃小说",
            "type": 3,
            "api": "./drpy2.min.js",
            "ext": "./js/有声小说吧.js"
        },
        {
            "key": "drpy_js_蜻蜓FM",
            "name": "📻┃蜻蜓┃收音",
            "type": 3,
            "api": "./drpy2.min.js",
            "ext": "./js/蜻蜓FM.js"
        },
        {
            "key": "csp_Nbys",
            "name": "✈┃泥巴┃墙外",
            "type": 3,
            "api": "csp_NiNi",
            "searchable": 1,
            "quickSearch": 1,
            "filterable": 1
        },
        {
            "key": "csp_trj",
            "name": "✈┃唐人┃墙外",
            "type": 3,
            "api": "csp_Tangrenjie",
            "searchable": 1,
            "quickSearch": 1,
            "filterable": 1
        },
        {
            "key": "csp_If101",
            "name": "✈┃If10 ┃墙外",
            "type": 3,
            "api": "csp_If101",
            "searchable": 1,
            "quickSearch": 1,
            "filterable": 1
        },
        {
            "key": "csp_Xiaoh",
            "name": "✈┃小宝┃墙外",
            "type": 3,
            "api": "csp_Xiaoh",
            "searchable": 1,
            "quickSearch": 1,
            "filterable": 1
        },
        {
            "key": "儿童",
            "name": "📚┃少儿┃教育",
            "type": 3,
            "api": "csp_Bili",
            "searchable": 1,
            "quickSearch": 1,
            "filterable": 1,
            "ext": "http://52bsj.vip:81/api/v3/file/get/61578/%E5%B0%91%E5%84%BF%E6%95%99%E8%82%B2.json?sign=3BlFTWj-rXJPPgJB6eQ1_C0odRnDCaW28cr8afXaO_I%3D%3A0"
        },
        {
            "key": "小学",
            "name": "📚┃小学┃课堂",
            "type": 3,
            "api": "csp_Bili",
            "searchable": 1,
            "quickSearch": 1,
            "filterable": 1,
            "ext": "http://52bsj.vip:81/api/v3/file/get/61579/%E5%B0%8F%E5%AD%A6%E8%AF%BE%E5%A0%82.json?sign=Oqbf9547dxbhVTf07kdHsuNZgzIWH2UT9uY7zRbTA5M%3D%3A0"
        },
        {
            "key": "初中",
            "name": "📚┃初中┃课堂",
            "type": 3,
            "api": "csp_Bili",
            "searchable": 1,
            "quickSearch": 1,
            "filterable": 1,
            "ext": "http://52bsj.vip:81/api/v3/file/get/61581/%E5%88%9D%E4%B8%AD%E8%AF%BE%E5%A0%82.json?sign=7Jxqd0BzuIm-2OvXZyoRasDb1P3OojENYkxLf6bhLr0%3D%3A0"
        },
        {
            "key": "高中",
            "name": "📚┃高中┃课堂",
            "type": 3,
            "api": "csp_Bili",
            "searchable": 1,
            "quickSearch": 1,
            "filterable": 1,
            "ext": "http://52bsj.vip:81/api/v3/file/get/61580/%E9%AB%98%E4%B8%AD%E8%AF%BE%E5%A0%82.json?sign=ESNTJf_EMO0ch_J5j-kV35jFLeg1GvG4VJjUqW2DJCc%3D%3A0"
        },
        {
            "key": "ext_live_protocol",
            "name": "关注公众号“肥猫不肥”",
            "type": 3,
            "api": "./协议.js",
            "ext": "clan://proxy?sourcekey=ext_live_protocol"
        }
    ],
    "lives": [
        {
            "name": "live",
            "type": 0,
            "url": "./live.txt",
            "epg": "http://epg.51zmt.top:8000/api/diyp/?ch={name}&date={date}"
        }
    ],
    "parses": [
        {
            "name": "解析聚合",
            "type": 3,
            "url": "Demo"
        },
        {
            "name": "Web聚合",
            "type": 3,
            "url": "Web"
        },
        {
            "name": "Json轮询",
            "type": 2,
            "url": "Sequence"
        },
        {
            "name": "Json并发",
            "type": 2,
            "url": "Parallel"
        },
        {
            "name": "但行好事",
            "type": 1,
            "url": "http://jx.fuqizhishi.com:63/接口地址www.肥猫.love/肥猫专用.php?url="
        },
        {
            "name": "莫问前程",
            "type": 1,
            "url": "http://27.124.4.42:4567/jhjson/ceshi.php?url="
        },
        {
            "name": "左岸解析",
            "type": 1,
            "url": "http://110.42.2.247:880/analysis/json/?uid=2449&my=acfgikquvzFGJRW459&url="
        },
        {
            "name": "星辰云解析",
            "type": 1,
            "url": "https://json.key521.cn/api/?key=df27d9ca9ec97e22c47f8565a50aa6f5&url="
        },
        {
            "name": "小新解析",
            "type": 1,
            "url": "http://xiaoxin.1080p.fun/home/api?type=ys&uid=91198&key=bhntuwyAJLMTUY1478&url="
        },
        {
            "name": "小鱼解析",
            "type": 1,
            "url": "http://json.84jia.com/home/api?type=ys&uid=335253&key=fjklpqsyCDGMNQRWX8&url="
        },
        {
            "name": "夜曲解析",
            "type": 1,
            "url": "http://xhww.fun:63/小米特别爱肥猫.php?url=",
            "ext": {
                "flag": [
                    "qq",
                    "腾讯",
                    "qiyi",
                    "爱奇艺",
                    "奇艺",
                    "youku",
                    "优酷",
                    "sohu",
                    "搜狐",
                    "letv",
                    "乐视",
                    "mgtv",
                    "芒果",
                    "CL4K",
                    "renrenmi",
                    "ltnb",
                    "bilibili",
                    "1905",
                    "xigua",
                    "nongmin",
                    "CL4K",
                    "xfyun",
                    "ffm3u8",
                    "lzm3u8",
                    "netease",
                    "pgyer",
                    "TD",
                    "qzone",
                    "FY",
                    "ppayun",
                    "Feiyun",
                    "zhibo"
                ],
                "header": {
                    "User-Agent": "Dalvik/2.1.0 (Linux; U; Android 10; PDHM00 Build/QKQ1.191222.002)"
                }
            }
        }
    ],
    "rules": [
        {
            "host": "*",
            "rule": [
                "default.365yg.com"
            ]
        },
        {
            "host": "dyxs20.com",
            "rule": [
                ".m3u8"
            ]
        },
        {
            "host": "www.agemys.cc",
            "rule": [
                "cdn-tos",
                "obj/tos-cn"
            ]
        },
        {
            "host": "www.sharenice.net",
            "rule": [
                "http.*?/play.{0,3}\\?[^url]{2,8}=.*"
            ]
        },
        {
            "host": "www.sharenice.net",
            "rule": [
                "qianpailive.com",
                "vid="
            ]
        },
        {
            "host": "*",
            "rule": [
                "douyin.com/aweme",
                "video_id="
            ]
        },
        {
            "host": "*",
            "rule": [
                "huoshan.com",
                "/item/video/"
            ]
        },
        {
            "host": "*",
            "rule": [
                "http((?!http).){12,}?\\.(m3u8|mp4|flv|avi|mkv|rm|wmv|mpg|m4a)\\?.*"
            ]
        },
        {
            "host": "*",
            "rule": [
                "http((?!http).){12,}\\.(m3u8|mp4|flv|avi|mkv|rm|wmv|mpg|m4a)"
            ]
        }
    ],
    "flags": [
        "youku",
        "优酷",
        "优 酷",
        "优酷视频",
        "qq",
        "腾讯",
        "腾 讯",
        "腾讯视频",
        "iqiyi",
        "qiyi",
        "奇艺",
        "爱奇艺",
        "爱 奇 艺",
        "m1905",
        "xigua",
        "letv",
        "leshi",
        "乐视",
        "乐 视",
        "sohu",
        "搜狐",
        "搜 狐",
        "搜狐视频",
        "tudou",
        "pptv",
        "mgtv",
        "芒果",
        "imgo",
        "芒果TV",
        "芒 果 T V",
        "bilibili",
        "哔 哩",
        "哔 哩 哔 哩",
        "FY",
        "fy",
        "FeiYun",
        "feiyun",
        "飞云"
    ],
    "ijk": [
        {
            "group": "软解码",
            "options": [
                {
                    "category": 4,
                    "name": "opensles",
                    "value": "0"
                },
                {
                    "category": 4,
                    "name": "overlay-format",
                    "value": "842225234"
                },
                {
                    "category": 4,
                    "name": "framedrop",
                    "value": "1"
                },
                {
                    "category": 4,
                    "name": "soundtouch",
                    "value": "1"
                },
                {
                    "category": 4,
                    "name": "start-on-prepared",
                    "value": "1"
                },
                {
                    "category": 1,
                    "name": "http-detect-range-support",
                    "value": "0"
                },
                {
                    "category": 1,
                    "name": "fflags",
                    "value": "fastseek"
                },
                {
                    "category": 2,
                    "name": "skip_loop_filter",
                    "value": "48"
                },
                {
                    "category": 4,
                    "name": "reconnect",
                    "value": "1"
                },
                {
                    "category": 4,
                    "name": "max-buffer-size",
                    "value": "5242880"
                },
                {
                    "category": 4,
                    "name": "enable-accurate-seek",
                    "value": "0"
                },
                {
                    "category": 4,
                    "name": "mediacodec",
                    "value": "0"
                },
                {
                    "category": 4,
                    "name": "mediacodec-auto-rotate",
                    "value": "0"
                },
                {
                    "category": 4,
                    "name": "mediacodec-handle-resolution-change",
                    "value": "0"
                },
                {
                    "category": 4,
                    "name": "mediacodec-hevc",
                    "value": "0"
                },
                {
                    "category": 1,
                    "name": "dns_cache_timeout",
                    "value": "600000000"
                }
            ]
        },
        {
            "group": "硬解码",
            "options": [
                {
                    "category": 4,
                    "name": "opensles",
                    "value": "0"
                },
                {
                    "category": 4,
                    "name": "overlay-format",
                    "value": "842225234"
                },
                {
                    "category": 4,
                    "name": "framedrop",
                    "value": "1"
                },
                {
                    "category": 4,
                    "name": "soundtouch",
                    "value": "1"
                },
                {
                    "category": 4,
                    "name": "start-on-prepared",
                    "value": "1"
                },
                {
                    "category": 1,
                    "name": "http-detect-range-support",
                    "value": "0"
                },
                {
                    "category": 1,
                    "name": "fflags",
                    "value": "fastseek"
                },
                {
                    "category": 2,
                    "name": "skip_loop_filter",
                    "value": "48"
                },
                {
                    "category": 4,
                    "name": "reconnect",
                    "value": "1"
                },
                {
                    "category": 4,
                    "name": "max-buffer-size",
                    "value": "5242880"
                },
                {
                    "category": 4,
                    "name": "enable-accurate-seek",
                    "value": "0"
                },
                {
                    "category": 4,
                    "name": "mediacodec",
                    "value": "1"
                },
                {
                    "category": 4,
                    "name": "mediacodec-auto-rotate",
                    "value": "1"
                },
                {
                    "category": 4,
                    "name": "mediacodec-handle-resolution-change",
                    "value": "1"
                },
                {
                    "category": 4,
                    "name": "mediacodec-hevc",
                    "value": "1"
                },
                {
                    "category": 1,
                    "name": "dns_cache_timeout",
                    "value": "600000000"
                }
            ]
        }
    ],
    "ads": [
        "wan.51img1.com",
        "iqiyi.hbuioo.com",
        "vip.ffzyad.com",
        "https://lf1-cdn-tos.bytegoofy.com/obj/tos-cn-i-dy/455ccf9e8ae744378118e4bd289288dd"
    ],
    "wallpaper": "http://我不是.肥猫.love:63/pic/feimao.php",
    "warningText": "接口完全免费，切勿付费购买。",
    "spider": "./spider.jar"
}