{
    "spider": "./spider.jar",
    "wallpaper": "https://tuapi.eees.cc/api.php?category=fengjing&type=302",
    "sites": [
        {
            "key": "csp_DouDou",
            "name": "🔍豆瓣┃本接口免费-🈲贩卖",
            "type": 3,
            "api": "csp_DouDou",
            "searchable": 0,
            "quickSearch": 0,
            "filterable": 1
        },
        {
            "key": "csp_77",
            "name": "👒酷云七七",
            "type": 3,
            "api": "csp_Kunyu77",
            "searchable": 1,
            "quickSearch": 1,
            "filterable": 1
        },
        {
            "key": "360",
            "name": "💘360",
            "type": 3,
            "api": "csp_SP33",
            "searchable": 1,
            "quickSearch": 1,
            "filterable": 1,
            "changeable": 0
        },
        {
            "key": "农民",
            "name": "🥝农民",
            "type": 3,
            "api": "csp_XYQHiker",
            "searchable": 1,
            "quickSearch": 1,
            "filterable": 1,
            "ext": "./json/农民影视.json"
        },
        {
            "key": "csp_SixV",
            "name": "🧲新6V磁力",
            "type": 3,
            "api": "csp_SixV",
            "searchable": 1,
            "quickSearch": 1,
            "filterable": 0,
            "changeable": 0,
            "ext": "http://www.xb6v.com/"
        },
        {
            "key": "快看",
            "name": "👀快看",
            "type": 3,
            "api": "csp_Kuaikan",
            "searchable": 1,
            "quickSearch": 1,
            "filterable": 1
        },
        {
            "key": "csp_Czsapp",
            "name": "🏭厂长",
            "type": 3,
            "api": "csp_Czsapp",
            "searchable": 1,
            "quickSearch": 1,
            "filterable": 1
        },
        {
            "key": "csp_DiDuan",
            "name": "📺低端",
            "type": 3,
            "api": "csp_Ddrk",
            "searchable": 1,
            "quickSearch": 1,
            "filterable": 0
        },
        {
            "key": "csp_Zxzj",
            "name": "🏠在线之家",
            "type": 3,
            "api": "csp_Zxzj",
            "searchable": 1,
            "quickSearch": 1,
            "filterable": 1,
            "ext": "https://www.zxzj.pro/"
        },
        {
            "key": "csp_Auete",
            "name": "🐼奥特",
            "type": 3,
            "api": "csp_Auete",
            "searchable": 1,
            "quickSearch": 1,
            "filterable": 1
        },
        {
            "key": "爱迪",
            "name": "🍟爱迪",
            "type": 3,
            "api": "csp_AppYsV2",
            "searchable": 1,
            "quickSearch": 1,
            "filterable": 1,
            "ext": "https://api123.adys.app/xgapp.php/v3/"
        },
        {
            "key": "鸭鸭",
            "name": "🦆鸭鸭",
            "type": 3,
            "api": "csp_AppYsV2",
            "searchable": 1,
            "quickSearch": 1,
            "filterable": 1,
            "ext": "https://yayayaaapp.ynf.icu/api.php/app/"
        },
        {
            "key": "迷你库",
            "name": "Ⓜ️迷你库",
            "type": 3,
            "api": "csp_AppYsV2",
            "searchable": 1,
            "quickSearch": 1,
            "filterable": 1,
            "ext": "http://www.miniku.cc/xgapp.php/v1/"
        },
        {
            "key": "新视觉",
            "name": "✨新视觉",
            "type": 3,
            "api": "csp_XBPQ",
            "searchable": 1,
            "quickSearch": 1,
            "filterable": 1,
            "changeable": 1,
            "ext": "./json/新视觉影院.json"
        },
        {
            "key": "csp_fantuan",
            "name": "🍙饭团",
            "type": 3,
            "api": "csp_Fantuan",
            "searchable": 1,
            "quickSearch": 1,
            "filterable": 1,
            "ext": "https://www.fantuan3.com"
        },
        {
            "key": "csp_YQKAPP",
            "name": "🌎一起看",
            "type": 3,
            "api": "csp_YQKAPP",
            "playerType": 2,
            "searchable": 1,
            "quickSearch": 1,
            "filterable": 1,
            "ext": "https://api-aws.11ty.top"
        },
        {
            "key": "csp_Cokemv",
            "name": "🚗可乐",
            "type": 3,
            "api": "csp_Cokemv",
            "searchable": 1,
            "quickSearch": 1,
            "filterable": 1
        },
        {
            "key": "csp_Lib",
            "name": "🔷LibVio",
            "type": 3,
            "api": "csp_Libvio",
            "searchable": 1,
            "quickSearch": 1,
            "filterable": 1,
            "ext": "https://www.libvio.fun/"
        },
        {
            "key": "csp_AppMr",
            "name": "👻明明影视",
            "type": 3,
            "api": "csp_AppMr",
            "searchable": 1,
            "quickSearch": 1,
            "filterable": 1
        },
        {
            "key": "csp_Voflix",
            "name": "🌀Voflix",
            "type": 3,
            "api": "csp_Voflix",
            "searchable": 1,
            "quickSearch": 1,
            "filterable": 1
        },
        {
            "key": "csp_Ysgc",
            "name": "🎥影视工厂",
            "type": 3,
            "api": "csp_Ysgc",
            "searchable": 1,
            "quickSearch": 1,
            "filterable": 1,
            "ext": "https://www.ysgc.fun"
        },
        {
            "key": "csp_Anime1",
            "name": "🌸动漫",
            "type": 3,
            "api": "csp_Anime1",
            "searchable": 1,
            "quickSearch": 1,
            "filterable": 1
        },
        {
            "key": "csp_Dm84",
            "name": "🚌动漫巴士",
            "type": 3,
            "api": "csp_Dm84",
            "searchable": 1,
            "quickSearch": 1,
            "filterable": 1
        },
        {
            "key": "Ying",
            "name": "🌸樱花动漫",
            "type": 3,
            "api": "csp_Ying",
            "searchable": 1,
            "quickSearch": 1,
            "filterable": 1
        },
        {
            "key": "csp_Ysj",
            "name": "📮异世界",
            "type": 3,
            "api": "csp_Ysj",
            "searchable": 1,
            "quickSearch": 1,
            "filterable": 1
        },
        {
            "key": "csp_Yj1211",
            "name": "📽️在线直播",
            "type": 3,
            "api": "csp_Yj1211",
            "searchable": 1,
            "quickSearch": 1,
            "filterable": 1
        },
        {
            "key": "Alist",
            "name": "🅰Alist",
            "type": 3,
            "api": "csp_AList",
            "searchable": 1,
            "quickSearch": 1,
            "filterable": 1,
            "changeable": 0,
            "ext": "./json/Alist.json"
        },
        {
            "key": "csp_WoGG",
            "name": "👽玩偶哥哥",
            "type": 3,
            "api": "csp_WoGG",
            "searchable": 1,
            "quickSearch": 1,
            "filterable": 1,
            "changeable": 0,
            "ext": "http://127.0.0.1:9978/file/tvboxqq/token.txt+4k|auto|fhd+4k|auto|fhd$$$http://tvfan.xxooo.cf/"
        },
        {
            "key": "YiSo",
            "name": "🆎易搜",
            "type": 3,
            "api": "csp_YiSo",
            "searchable": 1,
            "quickSearch": 1,
            "filterable": 0,
            "changeable": 0,
            "ext": "http://127.0.0.1:9978/file/tvboxqq/token.txt+4k|auto|fhd"
        },
        {
            "key": "Zhaozy",
            "name": "🦊找资源",
            "type": 3,
            "api": "csp_Zhaozy",
            "searchable": 1,
            "quickSearch": 1,
            "filterable": 0,
            "changeable": 0,
            "ext": "http://127.0.0.1:9978/file/tvboxqq/token.txt+4k|auto|fhd$$$yingshi$$$abcd1234"
        },
        {
            "key": "PanSou",
            "name": "📀盘搜",
            "type": 3,
            "api": "csp_PanSou",
            "searchable": 1,
            "quickSearch": 1,
            "filterable": 0,
            "changeable": 0,
            "ext": "http://127.0.0.1:9978/file/tvboxqq/token.txt+4k|auto|fhd"
        },
        {
            "key": "UpYun",
            "name": "☁️UP云搜",
            "type": 3,
            "api": "csp_UpYun",
            "searchable": 1,
            "quickSearch": 1,
            "filterable": 0,
            "changeable": 0,
            "ext": "http://127.0.0.1:9978/file/tvboxqq/token.txt+4k|auto|fhd"
        },
        {
            "key": "PanSearch",
            "name": "🙀盘搜索",
            "type": 3,
            "api": "csp_PanSearch",
            "searchable": 1,
            "quickSearch": 1,
            "filterable": 0,
            "changeable": 0,
            "ext": "http://127.0.0.1:9978/file/tvboxqq/token.txt+4k|auto|fhd"
        },
        {
            "key": "Dovx",
            "name": "😾七夜",
            "type": 3,
            "api": "csp_Dovx",
            "searchable": 1,
            "quickSearch": 1,
            "filterable": 0,
            "changeable": 0,
            "ext": "http://127.0.0.1:9978/file/tvboxqq/token.txt+4k|auto|fhd"
        },
        {
            "key": "push_agent",
            "name": "🍭推送",
            "type": 3,
            "api": "csp_Push",
            "searchable": 0,
            "quickSearch": 0,
            "filterable": 0,
            "ext": "http://127.0.0.1:9978/file/tvboxqq/token.txt+4k|auto|fhd"
        },
        {
            "key": "csp_Nbys",
            "name": "👑泥巴(墙外)",
            "type": 3,
            "api": "csp_NiNi",
            "searchable": 1,
            "quickSearch": 1,
            "filterable": 1
        },
        {
            "key": "csp_trj",
            "name": "🛫唐人街(墙外)",
            "type": 3,
            "api": "csp_Tangrenjie",
            "searchable": 1,
            "quickSearch": 1,
            "filterable": 1
        },
        {
            "key": "dr_荐片",
            "name": "🧲荐片",
            "type": 3,
            "api": "./drpy2.min.js",
            "playerType": "1",
            "searchable": 1,
            "quickSearch": 1,
            "filterable": 1,
            "ext": "./js/荐片.js"
        },
        {
            "key": "北川",
            "name": "💢北川",
            "type": 3,
            "api": "csp_XBPQ",
            "searchable": 1,
            "quickSearch": 1,
            "filterable": 1,
            "ext": {
                "请求头": "手机#Referer$http://bczhuiju.com/",
                "主页url": "http://bczhuiju.com",
                "副标题": "<div class=\"module-item-note\">&&</div>",
                "线路数组": "data-dropdown-value=&&</div>[不包含:LZ在线#备用线路]",
                "线路标题": "<span>&&</span>",
                "嗅探词": ".m3u8#aliyundrive.net#auth_key=#mp4",
                "播放数组": "<div class=\"module-play-list-content&&</div>",
                "影片类型": "<div class=\"module-info-tag\">&&立即播放",
                "导演": "导演：</span>&&</div>",
                "主演": "主演：</span>&&</div>",
                "简介": "style=\"line-height: 20px;\"&&</p>",
                "播放列表": "<a&&</a>",
                "播放标题": "<span>&&</span>",
                "播放链接": "href=\"&&\"",
                "分类": "电影$1#电视剧$2#综艺$3#动漫$4",
                "分类url": "http://bczhuiju.com/vodshow/{cateId}-{area}-{by}-{class}-{lang}-{letter}---{catePg}---{year}/;;mu0"
            }
        },
        {
            "key": "奇优",
            "name": "️💢奇优",
            "type": 3,
            "api": "csp_XBPQ",
            "searchable": 1,
            "quickSearch": 1,
            "filterable": 1,
            "ext": "./json/奇优.json"
        },
        {
            "key": "乐猪",
            "name": "💢乐猪",
            "type": 3,
            "api": "csp_XBPQ",
            "searchable": 1,
            "quickSearch": 1,
            "filterable": 1,
            "ext": "./json/乐猪.json"
        },
        {
            "key": "电影港",
            "name": "🧲电影港",
            "type": 3,
            "api": "csp_XYQHiker",
            "searchable": 1,
            "quickSearch": 1,
            "filterable": 1,
            "ext": "./json/电影港磁力.json"
        },
        {
            "key": "臭蛋蛋",
            "name": "💢臭蛋蛋",
            "type": 3,
            "api": "csp_XBPQ",
            "searchable": 1,
            "quickSearch": 1,
            "filterable": 1,
            "ext": "./json/臭蛋蛋.json"
        },
        {
            "key": "达达龟",
            "name": "💢达达龟",
            "type": 3,
            "api": "csp_XBPQ",
            "searchable": 1,
            "quickSearch": 1,
            "filterable": 1,
            "ext": "./json/达达龟.json"
        },
        {
            "key": "零零七",
            "name": "💢零零七",
            "type": 3,
            "api": "csp_XBPQ",
            "searchable": 1,
            "quickSearch": 1,
            "filterable": 1,
            "ext": "./json/零零七影视.json"
        },
        {
            "key": "有声小说吧",
            "name": "💢有声小说吧",
            "type": 3,
            "api": "csp_XYQHiker",
            "searchable": 0,
            "quickSearch": 0,
            "filterable": 1,
            "ext": "./json/有声小说吧.json"
        },
        {
            "key": "dr_88看球",
            "name": "88看球",
            "type": 3,
            "api": "./drpy2.min.js",
            "searchable": 0,
            "quickSearch": 0,
            "filterable": 0,
            "ext": "./js/88看球.js"
        },
        {
            "key": "dr_JRKAN直播",
            "name": "JRKAN直播",
            "type": 3,
            "api": "./drpy.min.js",
            "searchable": 0,
            "quickSearch": 0,
            "filterable": 0,
            "ext": "./js/JRKAN直播.js"
        },
        {
            "key": "dr_虎牙直播",
            "name": "虎牙直播",
            "type": 3,
            "api": "./drpy2.min.js",
            "searchable": 0,
            "quickSearch": 0,
            "filterable": 0,
            "ext": "./js/虎牙直播.js"
        },
        {
            "key": "短视频",
            "name": "☘️短视频",
            "type": 3,
            "api": "csp_XBPQ",
            "searchable": 0,
            "quickSearch": 0,
            "filterable": 1,
            "ext": {
                "主页url": "http://www.sharenice.net",
                "直接播放": "1",
                "嗅探词": ".m3u8#m3u8?#.mp4#mp4?#ixigua#.czspp#.flv#.mp3#.m4a#?item/video#is_play_url=1#play/?#qianpailive",
                "分类": "抖音&快手&微视&火山&场库&美拍&秒拍&全民&梨&好兔&开眼&美女&搞笑&社会&音乐&娱乐&影视&正能量&生活&动漫&萌系&美食&体育&游戏&明星&旅游&时尚",
                "分类值": "douyin&kuaishou&weishi&huoshan&changku&meipai&miaopai&quanmin&lishipin&haotu&kaiyan&t-576O5aWz&t-5pCe56yR&t-56S+5Lya&t-6Z+z5LmQ&t-5aix5LmQ&t-5b2x6KeG&t-5q2j6IO96YeP&t-55Sf5rS7&t-5Yqo5ryr&t-6JCM57O7&t-576O6aOf&t-5L2T6IKy&t-5ri45oiP&t-5piO5pif&t-5peF5ri4&t-5pe25bCa",
                "分类url": "http://www.sharenice.net/{cateId}?page={catePg}",
                "二次截取": "class=\"item-box\">&&</ul>",
                "数组": "<li&&</li>",
                "图片": "data-original=\"&&\"",
                "标题": "title=\"&&\"",
                "链接": "href=\"&&\""
            }
        },
        {
            "key": "虎牙",
            "name": "🐯虎牙",
            "type": 3,
            "api": "csp_XYQHiker",
            "searchable": 0,
            "quickSearch": 0,
            "filterable": 1,
            "ext": "./json/虎牙.json"
        },
        {
            "key": "斗鱼",
            "name": "🐠斗鱼",
            "type": 3,
            "api": "csp_XYQHiker",
            "searchable": 0,
            "quickSearch": 0,
            "filterable": 1,
            "ext": "./json/斗鱼.json"
        },
        {
            "key": "MV_vod",
            "name": "🎸明星MV",
            "type": 1,
            "api": "https://mv.wogg.link/mv/vod",
            "searchable": 0,
            "quickSearch": 0,
            "filterable": 1
        },
        {
            "key": "酷奇MV",
            "name": "🎤酷奇MV",
            "type": 3,
            "api": "csp_XBPQ",
            "searchable": 0,
            "quickSearch": 0,
            "filterable": 1,
            "ext": {
                "主页url": "https://www.kuqimv.com",
                "直接播放": "1",
                "短视频": "1",
                "分类": "华语高清$1#日韩精选$2#欧美MV$3#高清现场$4#影视MV$5#夜店视频$6#车模视频$7#热舞视频$8#美女写真$9#美女打碟$10",
                "分类url": "https://www.kuqimv.com/play/{cateId}_{catePg}.html;;z",
                "数组": "<li>&&</li>",
                "标题": "title=\"&&\"",
                "副标题": "target=\"play\">&&<",
                "搜索模式": "1",
                "搜索url": "https://www.kuqimv.com/search.php?key={wd}"
            }
        },
        {
            "key": "csp_Bili",
            "name": "🅱️哔哩哔哩",
            "type": 3,
            "api": "csp_Bili",
            "searchable": 0,
            "quickSearch": 0,
            "filterable": 1,
            "ext": "./json/Bili.json"
        },
        {
            "key": "相声小品",
            "name": "🅱️相声小品",
            "type": 3,
            "api": "csp_Bili",
            "searchable": 0,
            "quickSearch": 0,
            "filterable": 1,
            "ext": "./json/Blixs.json"
        },
        {
            "key": "戏曲",
            "name": "🅱️戏曲",
            "type": 3,
            "api": "csp_Bili",
            "searchable": 0,
            "quickSearch": 0,
            "filterable": 1,
            "ext": "./json/Blixq.json"
        },
        {
            "key": "少儿",
            "name": "🅱️少儿",
            "type": 3,
            "api": "csp_Bili",
            "searchable": 0,
            "quickSearch": 0,
            "filterable": 1,
            "ext": "./json/少儿教育.json"
        },
        {
            "key": "小学",
            "name": "🅱️小学",
            "type": 3,
            "api": "csp_Bili",
            "searchable": 0,
            "quickSearch": 0,
            "filterable": 1,
            "ext": "./json/小学课堂.json"
        },
        {
            "key": "初中",
            "name": "🅱️初中",
            "type": 3,
            "api": "csp_Bili",
            "searchable": 0,
            "quickSearch": 0,
            "filterable": 1,
            "ext": "./json/初中课堂.json"
        },
        {
            "key": "高中",
            "name": "🅱️高中",
            "type": 3,
            "api": "csp_Bili",
            "searchable": 0,
            "quickSearch": 0,
            "filterable": 1,
            "ext": "./json/高中课堂.json"
        }
    ],
    "parses": [
        {
            "name": "Json聚合",
            "type": 3,
            "url": "Demo"
        },
        {
            "name": "Web聚合",
            "type": 3,
            "url": "Web"
        },
        {
            "name": "小新",
            "type": 1,
            "url": "http://xiaoxin.1080p.fun/home/api?type=ys&uid=13270&key=adhmnvwyzIOPUWZ239&url="
        },
        {
            "name": "哥哥们",
            "type": 1,
            "url": "https://jx.wogg.link/api/饭特析.php?url="
        },
        {
            "name": "777",
            "type": 0,
            "url": "https://jx.777jiexi.com/player/?url=",
            "ext": {
                "flag": [
                    "qq",
                    "腾讯",
                    "qiyi",
                    "爱奇艺",
                    "奇艺",
                    "youku",
                    "优酷",
                    "mgtv",
                    "芒果",
                    "letv",
                    "乐视",
                    "pptv",
                    "PPTV",
                    "sohu",
                    "bilibili",
                    "哔哩哔哩",
                    "哔哩"
                ],
                "header": {
                    "User-Agent": "okhttp/4.1.0"
                }
            }
        },
        {
            "name": "zhanglang",
            "type": 0,
            "url": "https://jx.zhanlangbu.com/?url=",
            "ext": {
                "flag": [
                    "qq",
                    "腾讯",
                    "qiyi",
                    "爱奇艺",
                    "奇艺",
                    "youku",
                    "优酷",
                    "mgtv",
                    "芒果",
                    "letv",
                    "乐视",
                    "pptv",
                    "PPTV",
                    "sohu",
                    "bilibili",
                    "哔哩哔哩",
                    "哔哩"
                ],
                "header": {
                    "User-Agent": "okhttp/4.1.0"
                }
            }
        },
        {
            "name": "jsonplayer",
            "type": 0,
            "url": "https://jx.jsonplayer.com/player/?url=",
            "ext": {
                "flag": [
                    "qq",
                    "腾讯",
                    "qiyi",
                    "爱奇艺",
                    "奇艺",
                    "youku",
                    "优酷",
                    "mgtv",
                    "芒果",
                    "letv",
                    "乐视",
                    "pptv",
                    "PPTV",
                    "sohu",
                    "bilibili",
                    "哔哩哔哩",
                    "哔哩"
                ],
                "header": {
                    "User-Agent": "okhttp/4.1.0"
                }
            }
        },
        {
            "name": "xmflv",
            "type": 0,
            "url": "https://jx.xmflv.com/?url=",
            "ext": {
                "flag": [
                    "qq",
                    "腾讯",
                    "qiyi",
                    "爱奇艺",
                    "奇艺",
                    "youku",
                    "优酷",
                    "mgtv",
                    "芒果",
                    "letv",
                    "乐视",
                    "pptv",
                    "PPTV",
                    "sohu",
                    "bilibili",
                    "哔哩哔哩",
                    "哔哩"
                ]
            }
        },
        {
            "name": "bozrc",
            "type": 0,
            "url": "https://jx.bozrc.com:4433/player/?url=",
            "ext": {
                "flag": [
                    "qq",
                    "腾讯",
                    "qiyi",
                    "爱奇艺",
                    "奇艺",
                    "youku",
                    "优酷",
                    "mgtv",
                    "芒果",
                    "letv",
                    "乐视",
                    "pptv",
                    "PPTV",
                    "sohu",
                    "bilibili",
                    "哔哩哔哩",
                    "哔哩"
                ],
                "header": {
                    "User-Agent": "okhttp/4.1.0"
                }
            }
        },
        {
            "name": "ckmov",
            "type": 0,
            "url": "https://yun.ckmov.com/?url=",
            "ext": {
                "flag": [
                    "qq",
                    "腾讯",
                    "qiyi",
                    "爱奇艺",
                    "奇艺",
                    "youku",
                    "优酷",
                    "mgtv",
                    "芒果",
                    "letv",
                    "乐视",
                    "pptv",
                    "PPTV",
                    "sohu",
                    "bilibili",
                    "哔哩哔哩",
                    "哔哩"
                ]
            }
        }
    ],
    "lives": [
        {
            "name": "live",
            "type": 0,
            "url": "./live.txt",
            "epg": "http://diyp.112114.xyz/?ch={name}&date={date}"
        }
    ],
    "doh": [
        {
            "name": "Google",
            "url": "https://dns.google/dns-query",
            "ips": [
                "8.8.4.4",
                "8.8.8.8"
            ]
        },
        {
            "name": "Cloudflare",
            "url": "https://cloudflare-dns.com/dns-query",
            "ips": [
                "1.1.1.1",
                "1.0.0.1",
                "2606:4700:4700::1111",
                "2606:4700:4700::1001"
            ]
        },
        {
            "name": "AdGuard",
            "url": "https://dns.adguard.com/dns-query",
            "ips": [
                "94.140.14.140",
                "94.140.14.141"
            ]
        },
        {
            "name": "DNSWatch",
            "url": "https://resolver2.dns.watch/dns-query",
            "ips": [
                "84.200.69.80",
                "84.200.70.40"
            ]
        },
        {
            "name": "Quad9",
            "url": "https://dns.quad9.net/dns-quer",
            "ips": [
                "9.9.9.9",
                "149.112.112.112"
            ]
        }
    ],
    "rules": [
        {
            "name": "lz",
            "hosts": [
                "vip.lz",
                "hd.lz"
            ],
            "regex": [
                "#EXT-X-DISCONTINUITY\\r*\\n*#EXTINF:6.433333,[\\s\\S]*?#EXT-X-DISCONTINUITY",
                "#EXTINF.*?\\s+.*?1o.*?\\.ts\\s+"
            ]
        },
        {
            "name": "ff",
            "hosts": [
                "vip.ffzy",
                "hd.ffzy"
            ],
            "regex": [
                "#EXT-X-DISCONTINUITY\\r*\\n*#EXTINF:6.666667,[\\s\\S]*?#EXT-X-DISCONTINUITY",
                "#EXTINF.*?\\s+.*?1o.*?\\.ts\\s+"
            ]
        },
        {
            "name": "bf",
            "hosts": [
                "bfzy"
            ],
            "regex": [
                "#EXT-X-DISCONTINUITY\\r*\\n*#EXTINF:3,[\\s\\S]*?#EXT-X-DISCONTINUITY",
                "#EXTINF.*?\\s+.*?1o.*?\\.ts\\s+"
            ]
        },
        {
            "name": "hs",
            "hosts": [
                "huoshan.com"
            ],
            "regex": [
                "item_id="
            ]
        },
        {
            "name": "dy",
            "hosts": [
                "douyin.com"
            ],
            "regex": [
                "is_play_url="
            ]
        },
        {
            "name": "cl",
            "hosts": [
                "magnet"
            ],
            "regex": [
                "最 新",
                "直 播",
                "更 新"
            ]
        }
    ],
    "flags": [
        "youku",
        "qq",
        "QQ",
        "iqiyi",
        "qiyi",
        "letv",
        "sohu",
        "tudou",
        "pptv",
        "PPTV",
        "mgtv",
        "ltnb",
        "rx",
        "SLYS4k",
        "BYGA",
        "BYGB",
        "luanzi",
        "dxzy",
        "QEYSS",
        "aliyun",
        "AliS",
        "122",
        "chuangying",
        "CL4K",
        "xfyun",
        "wuduzy",
        "wasu",
        "bilibili",
        "renrenmi",
        "xmm",
        "xigua",
        "m1905",
        "funshion",
        "优酷",
        "芒果",
        "腾讯",
        "爱奇艺",
        "奇艺",
        "哔哩哔哩",
        "哔哩",
        "西瓜视频",
        "腾讯视频",
        "奇艺视频",
        "优酷视频",
        "芒果视频",
        "乐视视频",
        "FY",
        "fy",
        "FeiYun",
        "feiyun",
        "飞云"
    ],
    "ijk": [
        {
            "group": "软解码",
            "options": [
                {
                    "category": 4,
                    "name": "opensles",
                    "value": "0"
                },
                {
                    "category": 4,
                    "name": "overlay-format",
                    "value": "842225234"
                },
                {
                    "category": 4,
                    "name": "framedrop",
                    "value": "1"
                },
                {
                    "category": 4,
                    "name": "soundtouch",
                    "value": "1"
                },
                {
                    "category": 4,
                    "name": "start-on-prepared",
                    "value": "1"
                },
                {
                    "category": 1,
                    "name": "http-detect-rangeupport",
                    "value": "0"
                },
                {
                    "category": 1,
                    "name": "fflags",
                    "value": "fastseek"
                },
                {
                    "category": 2,
                    "name": "skip_loop_filter",
                    "value": "48"
                },
                {
                    "category": 4,
                    "name": "reconnect",
                    "value": "1"
                },
                {
                    "category": 4,
                    "name": "enable-accurateeek",
                    "value": "0"
                },
                {
                    "category": 4,
                    "name": "mediacodec",
                    "value": "0"
                },
                {
                    "category": 4,
                    "name": "mediacodec-auto-rotate",
                    "value": "0"
                },
                {
                    "category": 4,
                    "name": "mediacodec-handle-resolution-change",
                    "value": "0"
                },
                {
                    "category": 4,
                    "name": "mediacodec-hevc",
                    "value": "0"
                },
                {
                    "category": 1,
                    "name": "dns_cache_timeout",
                    "value": "600000000"
                }
            ]
        },
        {
            "group": "硬解码",
            "options": [
                {
                    "category": 4,
                    "name": "opensles",
                    "value": "0"
                },
                {
                    "category": 4,
                    "name": "overlay-format",
                    "value": "842225234"
                },
                {
                    "category": 4,
                    "name": "framedrop",
                    "value": "1"
                },
                {
                    "category": 4,
                    "name": "soundtouch",
                    "value": "1"
                },
                {
                    "category": 4,
                    "name": "start-on-prepared",
                    "value": "1"
                },
                {
                    "category": 1,
                    "name": "http-detect-rangeupport",
                    "value": "0"
                },
                {
                    "category": 1,
                    "name": "fflags",
                    "value": "fastseek"
                },
                {
                    "category": 2,
                    "name": "skip_loop_filter",
                    "value": "48"
                },
                {
                    "category": 4,
                    "name": "reconnect",
                    "value": "1"
                },
                {
                    "category": 4,
                    "name": "enable-accurateeek",
                    "value": "0"
                },
                {
                    "category": 4,
                    "name": "mediacodec",
                    "value": "1"
                },
                {
                    "category": 4,
                    "name": "mediacodec-auto-rotate",
                    "value": "1"
                },
                {
                    "category": 4,
                    "name": "mediacodec-handle-resolution-change",
                    "value": "1"
                },
                {
                    "category": 4,
                    "name": "mediacodec-hevc",
                    "value": "1"
                },
                {
                    "category": 1,
                    "name": "dns_cache_timeout",
                    "value": "600000000"
                }
            ]
        }
    ],
    "ads": [
        "iqiyi.hbuioo.com",
        "vip.ffzyad.com",
        "wan.51img1.com",
        "https://lf1-cdn-tos.bytegoofy.com/obj/tos-cn-i-dy/455ccf9e8ae744378118e4bd289288dd",
        "mimg.0c1q0l.cn",
        "www.googletagmanager.com",
        "www.google-analytics.com",
        "mc.usihnbcq.cn",
        "mg.g1mm3d.cn",
        "mscs.svaeuzh.cn",
        "cnzz.hhttm.top",
        "tp.vinuxhome.com",
        "cnzz.mmstat.com",
        "www.baihuillq.com",
        "s23.cnzz.com",
        "z3.cnzz.com",
        "c.cnzz.com",
        "stj.v1vo.top",
        "z12.cnzz.com",
        "img.mosflower.cn",
        "tips.gamevvip.com",
        "ehwe.yhdtns.com",
        "xdn.cqqc3.com",
        "www.jixunkyy.cn",
        "sp.chemacid.cn",
        "hm.baidu.com",
        "s9.cnzz.com",
        "z6.cnzz.com",
        "um.cavuc.com",
        "mav.mavuz.com",
        "wofwk.aoidf3.com",
        "z5.cnzz.com",
        "xc.hubeijieshikj.cn",
        "tj.tianwenhu.com",
        "xg.gars57.cn",
        "k.jinxiuzhilv.com",
        "cdn.bootcss.com",
        "ppl.xunzhuo123.com",
        "xomk.jiangjunmh.top",
        "img.xunzhuo123.com",
        "z1.cnzz.com",
        "s13.cnzz.com",
        "xg.huataisangao.cn",
        "z7.cnzz.com",
        "xg.huataisangao.cn",
        "z2.cnzz.com",
        "s96.cnzz.com",
        "q11.cnzz.com",
        "thy.dacedsfa.cn",
        "xg.whsbpw.cn",
        "s19.cnzz.com",
        "z8.cnzz.com",
        "s4.cnzz.com",
        "f5w.as12df.top",
        "ae01.alicdn.com",
        "www.92424.cn",
        "k.wudejia.com",
        "vivovip.mmszxc.top",
        "qiu.xixiqiu.com",
        "cdnjs.hnfenxun.com",
        "cms.qdwght.com"
    ]
}