{
  "vodPic": "https://s1.ax1x.com/2023/05/04/p9tgI81.png",
  "drives": [
    {
      "name": "🦆鸭鸭",
      "server": "http://shicheng.wang:555/我的影视"
    },
    {
      "name": "NICS",
      "server": "https://nics.eu.org"
    },
    {
      "name": "ECVE",
      "server": "https://pan.ecve.cn"
    },
    {
      "name": "觸光",
      "server": "https://pan.ichuguang.com"
    },
    {
      "name": "一只魚",
      "server": "https://vtok.pp.ua/"
    },
    {
      "name": "七米藍",
      "server": "https://al.chirmyram.com"
    },
    {
      "name": "神族九帝",
      "server": "https://alist.shenzjd.com"
    },
    {
      "name": "梓澪",
      "server": "https://zi0.cc"
    }
  ]
}