    {
    
    "站名":"58动漫",
    
    "主页url":"http://www.ting38.com",
    
    "简介":"剧情介绍: &&</p>",
    
    "导演":"导演：&&</a>",
    
    "主演":"主演：&&</a>",
    
    "影片状态":"更新：&&</li>",
    
    "影片类型":"类型: &&</a>",
    
    "数组":"fed-lazy fed-part-2by3\"&&\"fed-list-title",
    
    "标题":"title=\"&&\"",
    
    "副标题":"fed-text-center\">&&</span>",
    
    "图片":"data-original=\"&&\"",
    
    "链接":"href=\"&&\"",
    
    "搜索模式":"1",
    
    "搜索url":"http://www.ting38.com/search.php?searchword={wd}",
    
    "搜索数组":"fed-lazy fed-part-2by3\"&&\"fed-list-title",
    
    "搜索标题":"title=\"&&\"",
    
    "搜索副标题":"fed-text-center\">&&</span>",
    
    "搜索图片":"data-original=\"&&\"",
    
    "搜索链接":"href=\"&&\"",
    
    
    "线路数组":"data-toggle=&&</a>[替换:动漫专线⑦>>动漫专线1#动漫专线⑤>>动漫专线2][不包含:动漫专线①#动漫专线②#动漫专线④#动漫专线③#动漫专线⑥]",
    
    "线路标题":"❤+>&&<+❤",
    
    "播放数组":"<ul class=\"myui-content__list&&</ul>",
    
    "播放标题":">&&<",
    
    "播放列表":"<a&&/a>",
    
    "分类url":"http://www.ting38.com/ting/{cateId}-{catePg}.html;;ak",
    
    "分类":"国产动漫$2#动漫电影$4#新番日漫$1#欧美动漫$3"
    
  
    }