{
    "规则名": "mp4电影",
    "规则作者": "",
    "请求头参数": "User-Agent$MOBILE_UA#Referer$WebView",
    "网页编码格式": "UTF-8",
    "图片是否需要代理": "0",
    "是否开启获取首页数据": "1",
    "首页推荐链接": "https://m.mp4us.com/",
    "首页列表数组规则": "body&&.item",
    "首页片单列表数组规则": "li",
    "首页片单是否Jsoup写法": "0",
    "首页片单标题": "《&&》",
    "首页片单链接": "href=\"&&\"",
    "分类起始页码": "1",
    "分类链接": "https://m.mp4us.com//list/{cateId}-{catePg}.html",
    "分类名称": "动作片&科幻片&爱情片&喜剧片&恐怖片&战争片&剧情片&纪录片",
    "分类名称替换词": "1&2&3&4&5&6&7&8",
    "筛选数据": {},
    //"筛选数据": "ext",
    //{cateId}
    "筛选子分类名称": "",
    "筛选子分类替换词": "",
    //{class}
    "筛选类型名称": "",
    "筛选类型替换词": "*",
    //{area}
    "筛选地区名称": "",
    "筛选地区替换词": "*",
    //{year}
    "筛选年份名称": "",
    "筛选年份替换词": "*",
    //{lang}
    "筛选语言名称": "",
    "筛选语言替换词": "*",
    //{by}
    "筛选排序名称": "时间&人气&评分",
    "筛选排序替换词": "time&hits&score",
    "分类截取模式": "1",
    "分类列表数组规则": "body&&#list_all&&ul&&li",
    "分类片单是否Jsoup写法": "0",
    "分类片单标题": "《&&》",
    "分类片单链接": "href=\"&&\"",
    "分类片单图片": "data-original=\"&&\"",
    "分类片单副标题": "class=\"rate badge\">&&</span>",
    "分类片单链接加前缀": "https://m.mp4us.com/",
    "分类片单链接加后缀": "",
    "搜索请求头参数": "手机",
"搜索链接": "https://m.mp4us.com/search/;post",
"POST请求数据": "nobot=1&wd={wd}",
"搜索截取模式": "1",
"搜索列表数组规则": "body&&#list_all&&ul&&li",
"搜索片单是否Jsoup写法": "0",
"搜索片单图片": "data-original=\"&&\"",
"搜索片单标题": "《&&》",
"搜索片单链接": "href=\"&&\"",
"搜索片单副标题": "</em>》&&</a>",
"搜索片单链接加前缀": "https://m.mp4us.com/",
"搜索片单链接加后缀": "",
    "链接是否直接播放": "0",
    "直接播放链接加前缀": "",
    "直接播放链接加后缀": "#isVideo=true#",
    "直接播放直链视频请求头": "",
    "详情是否Jsoup写法": "0",
    "类型详情": ".module-info-tag-link,2&&Text",
    "年代详情": "年份：</em>&&</p>",
    "地区详情": "地区：</em>&&</p>",
    "演员详情": "主演：</em>&&</p>",
    "简介详情": "</h2>&&</p>",
    "线路列表数组规则": "body&&.url-left",
    "线路标题": "a&&title!磁力链下载",
    "播放列表数组规则": "body&&a[href^=magnet]",
    "选集列表数组规则": "a",
    "选集标题链接是否Jsoup写法": "1",
    "选集标题": "a&&Text",
    "选集链接": "a&&href",
    "是否反转选集序列": "1",
    "选集链接加前缀": "",
    "选集链接加后缀": "",
    "分析MacPlayer": "0",
    "是否开启手动嗅探": "0",
    "手动嗅探视频链接关键词": ".mp4#.m3u8#.flv#video/tos",
    "手动嗅探视频链接过滤词": ".html#=http"
}