    {
    
    "作者":"荷城茶秀",
    
    "站名":"熊猫影视",
    
    "主页url":"https://xmvod520.com/",
    
    "简介":"【荷城茶秀】提醒您请勿相信影片中的广告，以免上当受骗！欢迎加入QQ交流群：532127696，公众号：日后魔改，获取更多影视资源。+<p>&&</p>",
    
    "导演":"导演：&&</div>",
    
    "主演":"主演：&&</div>",
    
    "影片状态":"备注：&&</div>",
    
    "影片类型":"module-info-tag\">&&立即播放",
    
    "搜索url":"/index.php/vod/search.html?wd={wd}",
    
    "搜索数组":"module-card-item-class\">&&</a>",
    
    "搜索标题":"alt=\"&&\"",
    
    "搜索副标题":"note\">&&</div>",
    
    "搜索图片":"data-original=\"&&\"",
    
    "搜索链接":"href=\"&&\"",
    
    "线路数组":"data-dropdown-value=&&</div>",
    
    "线路标题":"荷城茶秀接口-+<span>&&</small>[替换:</span><small>>>🌸共]+集🌸",
    
    "分类url":"https://xmvod520.com/index.php/vod/show/area/{area}/by/{by}/class/{class}/id/{cateId}/page/{catePg}year/{year}.html;;ak",
    
    "分类":"电影$52#电视剧$69#综艺$78#动漫$76",
    
    "筛选":{
    "52":[
    {"key":"cateId","name":"类型","value":[
    {"n":"全部类型","v":""},
    {"n":"动作片","v":"53"},
    {"n":"喜剧片","v":"54"},
    {"n":"爱情片","v":"55"},
    {"n":"科幻片","v":"56"},
    {"n":"恐怖片","v":"57"},
    {"n":"剧情片","v":"58"},
    {"n":"战争片","v":"59"},
    {"n":"动画片","v":"63"},
    {"n":"纪录片","v":"67"}
    ]
    },
    {"key":"year","name":"时间","value":[
    {"n":"全部时间","v":""},
    {"n":"2023","v":"2023"},
    {"n":"2022","v":"2022"},
    {"n":"2021","v":"2021"},
    {"n":"2020","v":"2020"},
    {"n":"2019","v":"2019"},
    {"n":"2018","v":"2018"},
    {"n":"2017","v":"2017"},
    {"n":"2016","v":"2016"},
    {"n":"2015","v":"2015"},
    {"n":"2014","v":"2014"},
    {"n":"2013","v":"2013"},
    {"n":"2012","v":"2012"},
    {"n":"2011","v":"2011"},
    {"n":"2010","v":"2010"}
    ]
    },
    {"key":"by","name":"排序","value":[
    {"n":"全部排序","v":""},
    {"n":"时间排序","v":"time"},
    {"n":"人气排序","v":"hits"},
    {"n":"评分排序","v":"score"}
    ]
    }
    ],
    "69":[
    {"key":"cateId","name":"类型","value":[
    {"n":"全部类型","v":""},
    {"n":"国产剧","v":"70"},
    {"n":"港台剧","v":"71"},
    {"n":"欧美剧","v":"72"},
    {"n":"日韩剧","v":"73"},
    {"n":"其他剧","v":"74"}
    ]
    },
    {"key":"year","name":"时间","value":[
    {"n":"全部时间","v":""},
    {"n":"2023","v":"2023"},
    {"n":"2022","v":"2022"},
    {"n":"2021","v":"2021"},
    {"n":"2020","v":"2020"},
    {"n":"2019","v":"2019"},
    {"n":"2018","v":"2018"},
    {"n":"2017","v":"2017"},
    {"n":"2016","v":"2016"},
    {"n":"2015","v":"2015"},
    {"n":"2014","v":"2014"},
    {"n":"2013","v":"2013"},
    {"n":"2012","v":"2012"},
    {"n":"2011","v":"2011"},
    {"n":"2010","v":"2010"}
    ]
    },
    {"key":"by","name":"排序","value":[
    {"n":"全部排序","v":""},
    {"n":"时间排序","v":"time"},
    {"n":"人气排序","v":"hits"},
    {"n":"评分排序","v":"score"}
    ]
    }
    ],
    "78":[
    {"key":"class","name":"剧情","value":[
    {"n":"全部剧情","v":""},
    {"n":"真人","v":"真人"},
    {"n":"脱口","v":"脱口"},
    {"n":"选秀","v":"选秀"},
    {"n":"情感","v":"情感"},
    {"n":"访谈","v":"访谈"},
    {"n":"美食","v":"美食"},
    {"n":"旅游","v":"旅游"},
    {"n":"财经","v":"财经"},
    {"n":"军事","v":"军事"}
    ]
    },
    {"key":"area","name":"地区","value":[
    {"n":"全部地区","v":""},
    {"n":"大陆","v":"大陆"},
    {"n":"香港","v":"香港"},
    {"n":"台湾","v":"台湾"},
    {"n":"美国","v":"美国"}
    ]
    },
    {"key":"year","name":"时间","value":[
    {"n":"全部时间","v":""},
    {"n":"2023","v":"2023"},
    {"n":"2022","v":"2022"},
    {"n":"2021","v":"2021"},
    {"n":"2020","v":"2020"},
    {"n":"2019","v":"2019"},
    {"n":"2018","v":"2018"},
    {"n":"2017","v":"2017"},
    {"n":"2016","v":"2016"},
    {"n":"2015","v":"2015"},
    {"n":"2014","v":"2014"},
    {"n":"2013","v":"2013"},
    {"n":"2012","v":"2012"},
    {"n":"2011","v":"2011"},
    {"n":"2010","v":"2010"}
    ]
    },
    {"key":"by","name":"排序","value":[
    {"n":"全部排序","v":""},
    {"n":"时间排序","v":"time"},
    {"n":"人气排序","v":"hits"},
    {"n":"评分排序","v":"score"}
    ]
    }
    ],
    "76":[
    {"key":"class","name":"剧情","value":[
    {"n":"全部剧情","v":""},
    {"n":"冒险","v":"冒险"},
    {"n":"热血","v":"热血"},
    {"n":"搞笑","v":"搞笑"},
    {"n":"少女","v":"少女"},
    {"n":"恋爱","v":"恋爱"},
    {"n":"魔幻","v":"魔幻"},
    {"n":"推理","v":"推理"},
    {"n":"神魔","v":"神魔"},
    {"n":"竞技","v":"竞技"}
    ]
    },
    {"key":"area","name":"地区","value":[
    {"n":"全部地区","v":""},
    {"n":"大陆","v":"大陆"},
    {"n":"香港","v":"香港"},
    {"n":"台湾","v":"台湾"},
    {"n":"日本","v":"日本"},
    {"n":"美国","v":"美国"}
    ]
    },
    {"key":"year","name":"时间","value":[
    {"n":"全部时间","v":""},
    {"n":"2023","v":"2023"},
    {"n":"2022","v":"2022"},
    {"n":"2021","v":"2021"},
    {"n":"2020","v":"2020"},
    {"n":"2019","v":"2019"},
    {"n":"2018","v":"2018"},
    {"n":"2017","v":"2017"},
    {"n":"2016","v":"2016"},
    {"n":"2015","v":"2015"},
    {"n":"2014","v":"2014"},
    {"n":"2013","v":"2013"},
    {"n":"2012","v":"2012"},
    {"n":"2011","v":"2011"},
    {"n":"2010","v":"2010"}
    ]
    },
    {"key":"by","name":"排序","value":[
    {"n":"全部排序","v":""},
    {"n":"时间排序","v":"time"},
    {"n":"人气排序","v":"hits"},
    {"n":"评分排序","v":"score"}
    ]
    }
    ]
    }
    }