    {
    
    "作者":"荷城茶秀",
    
    "站名":"黑狐影视",
    
    "主页url":"http://fagmn.com/",
    
    "简介":"【荷城茶秀】提醒您请勿相信影片中的广告，以免上当受骗！欢迎加入QQ交流群：532127696，公众号：日后魔改，获取更多影视资源。+剧情介绍</h3>&&</div></div></div></div>",
    
    "导演":"导演：</span><a href=*>&&</p>",
    
    "主演":"主演：</span><a href=*>&&</p>",
    
    "影片状态":"更新：&&</p>",
    
    "影片类型":"类型：&&</a>",
    
    "影片地区":"地区：</span><a href=*>&&</a>",
    
    "影片年代":"年份：</span><a href=*>&&</a>",
    
    "数组":"stui-vodlist__thumb lazyload\"&&</h4>[不包含:推荐]",
    
    "标题":"<a href=*>&&</a>",
    
    "副标题":"text-right\">&&</span>",
    
    "图片":"data-original=\"&&\"",
    
    "链接":"href=\"&&\"",
    
    "搜索url":"http://fagmn.com/search.php;post;searchword={wd}",
    
    "搜索数组":"stui-vodlist__thumb lazyload\"&&</h3>",
    
    "搜索标题":"<a href=*>&&</a>",
    
    "搜索副标题":"text-right\">&&</span>",
    
    "搜索图片":"data-original=\"&&\"",
    
    "搜索链接":"href=\"&&\"",
    
    "线路数组":"#down&&</li>",
    
    "线路标题":"🌸荷城茶秀接口🌸+>&&</a>",
    
    "分类url":"http://fagmn.com/list/{cateId}_{catePg}.html;;akm0",
    
    "分类":"电影$1#电视剧$2#综艺$3#动漫$4"}